Codigo,Denominacion,Costo,umcompra,CategoriaId,descripcion
1,Cristal Float 2 mm Incoloro,29.8800,M2,2,
2,Cristal Float 3 mm Incoloro,29.8800,M2,2,
3,Cristal Float 4 mm Incoloro,38.1300,M2,2,
4,Cristal Float 5 mm Incoloro,49.4700,M2,2,
5,Cristal Float 6 mm Incoloro,75.0695,M2,2,
6,Cristal Float 8 mm Incoloro,118.3730,M2,2,
7,Cristal Float 10 mm Incoloro,128.0128,M2,2,
8,Cristal Float 12 mm Incoloro,0.0000,M2,2,
9,Cristal Float 15 mm Incoloro,315.7733,M2,2,
10,Cristal Float 19 mm Incoloro,737.5256,M2,2,
11,"Cristal Float Solar-E 2,5 mm Incoloro",0.0000,M2,3,
12,Cristal Float Solar-E 3 mm Incoloro,0.0000,M2,3,
13,Cristal Float Solar-E 4 mm Incoloro,0.0000,M2,3,
14,Cristal Float Solar-E 5 mm Incoloro,0.0000,M2,3,
15,Cristal Float Solar-E 6 mm Incoloro,0.0000,M2,3,
16,Cristal Float 3 mm Bronce,49.7320,M2,4,
17,Cristal Float 3 mm Gris,49.7320,M2,4,
18,Cristal Float 4 mm Bronce,62.9796,M2,4,
19,Cristal Float 4 mm Gris,62.9796,M2,4,
20,Cristal Float 4 mm Verde,0.0000,M2,4,
21,Cristal Float 5 mm Bronce,77.8115,M2,4,
22,Cristal Float 5 mm Gris,77.8115,M2,4,
23,Cristal Float 5 mm Verde,0.0000,M2,4,
24,Cristal Float 6 mm Bronce,97.6549,M2,4,
25,Cristal Float 6 mm Gris,97.6549,M2,4,
26,Cristal Float 6 mm Verde,0.0000,M2,4,
27,Cristal Float 8 mm Bronce,134.1167,M2,4,
28,Cristal Float 8 mm Gris,134.1167,M2,4,
29,Cristal Float 10 mm Bronce,157.7692,M2,4,
30,Cristal Float 10 mm Gris,157.7692,M2,4,
31,Cristal Float 10 mm Verde,0.0000,M2,4,
32,Cristal Float Super Tint 6 mm Supergrey,0.0000,M2,5,
33,Cristal Float Super Tint 6 mm Evergreen,0.0000,M2,5,
34,Cristal Float Super Tint 6 mm Artic Blue,0.0000,M2,5,
35,Cristal Reflectante Stop Sol 4 mm Bronce,97.2938,M2,6,
36,Cristal Reflectante Stop Sol 4 mm Gris,97.2938,M2,6,
37,Cristal Reflectante Stop Sol 5 mm Bronce,123.8472,M2,6,
38,Cristal Reflectante Stop Sol 5 mm Gris,123.8472,M2,6,
39,Cristal Reflectante Stop Sol 6 mm Bronce,138.9985,M2,6,
40,Cristal Reflectante Stop Sol 6 mm Gris,138.9985,M2,6,
41,Cristal Reflectante Solarcool 4 mm Bronce,0.0000,M2,6,
42,Cristal Reflectante Solarcool 4 mm Gris,0.0000,M2,6,
43,Cristal Reflectante Solarcool 6 mm Bronce,0.0000,M2,6,
44,Cristal Reflectante Solarcool 6 mm Gris,0.0000,M2,6,
45,Cristal Reflectante Eclipse 6 mm Clear,0.0000,M2,6,
46,Cristal Reflectante Eclipse 6 mm Grey,0.0000,M2,6,
47,Cristal Reflectante Eclipse 6 mm Bronze,0.0000,M2,6,
48,Cristal Reflectante Eclipse 6 mm Artic Blue,0.0000,M2,6,
49,Cristal Reflectante Eclipse 6 mm Blue Green,0.0000,M2,6,
50,Cristal Reflectante Eclipse 6 mm Evergreen,0.0000,M2,6,
51,Espejo Mirage 2 mm Incoloro,60.5258,M2,7,
52,Espejo Mirage 3 mm Incoloro,67.7119,M2,7,
53,Espejo Mirage 4 mm Incoloro,84.6627,M2,7,
54,Espejo Mirage 5 mm Incoloro,99.3214,M2,7,
55,Espejo Mirage 6 mm Incoloro,113.9916,M2,7,
56,Espejo Mirage 8 mm Incoloro,0.0000,M2,7,
57,Espejo Mirage 10 mm Incoloro,0.0000,M2,7,
58,Espejo Optimirror 4 mm Incoloro,0.0000,M2,8,
59,Espejo Optimirror 6 mm Incoloro,0.0000,M2,8,
60,Espejo Mirropane 6 mm Vigilancia,0.0000,M2,8,
61,Espejo Mirage 4 mm Bronce,113.3497,M2,9,
62,Espejo Mirage 4 mm Gris,113.3497,M2,9,
63,Espejo Mirage 5 mm Bronce,131.5843,M2,9,
64,Espejo Mirage 5 mm Gris,131.5843,M2,9,
65,Espejo Mirage 6 mm Bronce,157.6238,M2,9,
66,Espejo Mirage 6 mm Gris,157.6238,M2,9,
67,Espejo Mirage 8 mm Bronce,0.0000,M2,9,
68,Espejo Mirage 8 mm Gris,0.0000,M2,9,
69,Espejo Mirage 10 mm Bronce,0.0000,M2,9,
70,Espejo Mirage 10 mm Gris,0.0000,M2,9,
71,Espejo Parabolico 300 mm STD c/ Brazo,0.0000,Unidad,10,
72,Espejo Parabolico 400 mm STD c/ Brazo,0.0000,Unidad,10,
73,Espejo Parabolico 500 mm STD c/ Brazo,0.0000,Unidad,10,
74,Espejo Parabolico 600 mm STD c/ Brazo,0.0000,Unidad,10,
75,Espejo Parabolico 700 mm STD c/ Brazo,0.0000,Unidad,10,
76,Espejo Parabolico 800 mm STD c/ Brazo,0.0000,Unidad,10,
77,Espejo Parabolico 900 mm STD c/ Brazo,0.0000,Unidad,10,
78,Espejo Parabolico 300 mm Inastillable c/ Brazo,0.0000,Unidad,10,
79,Espejo Parabolico 400 mm Inastillable c/ Brazo,0.0000,Unidad,10,
80,Espejo Parabolico 500 mm Inastillable c/ Brazo,0.0000,Unidad,10,
81,Espejo Parabolico 600 mm Inastillable c/ Brazo,0.0000,Unidad,10,
82,Espejo Parabolico 700 mm Inastillable c/ Brazo,0.0000,Unidad,10,
83,Espejo Parabolico 800 mm Inastillable c/ Brazo,0.0000,Unidad,10,
84,Espejo Parabolico 900 mm Inastillable c/ Brazo,0.0000,Unidad,10,
85,Columna para espejo parabolico 3m Color Blanco,0.0000,Unidad,10,
86,Fantasia Difuso 2 mm,61.1900,M2,11,
87,Fantasia Austral 4 mm,42.1900,M2,11,
88,Fantasia Martelet 4 mm,42.1900,M2,11,
89,Fantasia Stipolite 4 mm,42.1900,M2,11,
90,Fantasia Acanalado 4 mm,49.1200,M2,11,
91,Fantasia Pacific 4 mm,49.1200,M2,11,
92,Fantasia Sycamore 4 mm,49.1200,M2,11,
93,Fantasia Martelet 5 mm,56.9400,M2,11,
94,Fantasia Rayado 5 mm,71.4200,M2,11,
95,Fantasia Martelet 6 mm,0.0000,M2,11,
96,Fantasia Armado 6 mm,97.6500,M2,11,
97,Fantasia Stipolite 8 mm,0.0000,M2,11,
98,Fantasia Stipolite 10 mm,0.0000,M2,11,
99,Mateado Liso 4 mm Incoloro,134.4400,M2,12,
100,Mateado Beta 4 mm Incoloro,242.8200,M2,12,
101,Mateado Colonial 4 mm Incoloro,242.8200,M2,12,
102,Mateado Liso 4 mm Color,164.2800,M2,13,
103,Mateado Beta 4 mm Color,278.2200,M2,13,
104,Mateado Colonial 4 mm Color,278.2200,M2,13,
105,Opacid Esmerilado 4 mm Incoloro,136.4500,M2,14,
106,Opacid Esmerilado 6 mm Incoloro,167.0100,M2,14,
107,Opacid Esmerilado 8 mm Incoloro,173.9800,M2,14,
108,Opacid Esmerilado 10 mm Incoloro,193.0800,M2,14,
109,Profilit 6 mm Incoloro,0.0000,M.L.,15,
110,Profilit 6 mm Color,0.0000,M.L.,15,
111,Fantasia Martelet 4 mm Ambar,74.7900,M2,16,
112,Fantasia Martelet 4 mm Verde,74.7900,M2,16,
113,Fantasia Martelet 4 mm Azul,74.7900,M2,16,
114,Fantasia Stipolite 4 mm Bronce,82.5600,M2,16,
115,Cristal Float 3 mm Esmerilado,0.0000,M2,17,
116,Cristal Float 4 mm Esmerilado,0.0000,M2,17,
117,Cristal Float 5 mm Esmerilado,0.0000,M2,17,
118,Cristal Float 6 mm Esmerilado,0.0000,M2,17,
119,Cristal Float 8 mm Esmerilado,0.0000,M2,17,
120,Cristal Float 10 mm Esmerilado,0.0000,M2,17,
121,Cristal Float 12 mm Esmerilado,0.0000,M2,17,
122,Cristal Float 15 mm Esmerilado,0.0000,M2,17,
123,Cristal Float 19 mm Esmerilado,0.0000,M2,17,
124,Cristal Float 3 mm Bronce Esmerilado,0.0000,M2,18,
125,Cristal Float 3 mm Gris Esmerilado,0.0000,M2,18,
126,Cristal Float 4 mm Bronce Esmerilado,0.0000,M2,18,
127,Cristal Float 4 mm Gris Esmerilado,0.0000,M2,18,
128,Cristal Float 4 mm Verde Esmerilado,0.0000,M2,18,
129,Cristal Float 5 mm Bronce Esmerilado,0.0000,M2,18,
130,Cristal Float 5 mm Gris Esmerilado,0.0000,M2,18,
131,Cristal Float 5 mm Verde Esmerilado,0.0000,M2,18,
132,Cristal Float 6 mm Bronce Esmerilado,0.0000,M2,18,
133,Cristal Float 6 mm Gris Esmerilado,0.0000,M2,18,
134,Cristal Float 6 mm Verde Esmerilado,0.0000,M2,18,
135,Cristal Float 8 mm Bronce Esmerilado,0.0000,M2,18,
136,Cristal Float 8 mm Gris Esmerilado,0.0000,M2,18,
137,Cristal Float 10 mm Bronce Esmerilado,0.0000,M2,18,
138,Cristal Float 10 mm Gris Esmerilado,0.0000,M2,18,
139,Cristal Float 10 mm Verde Esmerilado,0.0000,M2,18,
140,Coverglass Negro 5 mm,150.8200,M2,19,
141,Coverglass Blanco 5 mm,150.8200,M2,19,
142,Coverglass Celeste 5 mm,150.8200,M2,19,
143,Coverglass Bordeaux 5 mm,154.2200,M2,19,
144,Coverglass Negro 10 mm,221.0000,M2,19,
145,Coverglass Blanco 10 mm,221.0000,M2,19,
146,Coverglass Negro Satin 5 mm,173.4500,M2,19,
147,Coverglass Blanco Satin 5 mm,173.4500,M2,19,
148,Coverglass Celeste Satin 5 mm,173.4500,M2,19,
149,Coverglass Bordeaux Satin 5 mm,177.3600,M2,19,
150,Coverglass Incoloro Mist 5 mm,190.7900,M2,19,
151,Coverglass Gris Mist 5 mm,209.8600,M2,19,
152,Coverglass Bronce Mist 5 mm,209.8600,M2,19,
153,Decorview Incoloro 4 mm,84.5400,M2,20,
154,Decorview Incoloro Mist 4 mm,162.1800,M2,20,
155,Laminado 3+3 Incoloro,137.9696,M2,21,
156,Laminado 4+4 Incoloro,166.0808,M2,21,
157,Laminado 5+5 Incoloro,194.0224,M2,21,
158,Laminado 6+6 Incoloro,220.9177,M2,21,
159,Laminado 8+8 Incoloro,0.0000,M2,21,
160,Laminado 10+10 Incoloro,0.0000,M2,21,
161,Laminado 3+3 Bronce Claro,171.7700,M2,22,
162,Laminado 3+3 Gris Claro,171.7700,M2,22,
163,Laminado 3+3 Bronce Oscuro,187.7800,M2,22,
164,Laminado 3+3 Gris Oscuro,187.7800,M2,22,
165,Laminado 3+3 Opalino,237.4100,M2,22,
166,Laminado 3+3 Gris Arquitectura,292.1700,M2,22,
167,Laminado 3+3 Esmerilado,237.4100,M2,22,
168,Laminado 4+4 Bronce Claro,194.9400,M2,22,
169,Laminado 4+4 Gris Claro,194.9400,M2,22,
170,Laminado 4+4 Verde Claro,0.0000,M2,22,
171,Laminado 4+4 Bronce Oscuro,223.2800,M2,22,
172,Laminado 4+4 Gris Oscuro,223.2800,M2,22,
173,Laminado 4+4 Verde Oscuro,0.0000,M2,22,
174,Laminado 4+4 Opalino,278.2600,M2,22,
175,Laminado 4+4 Esmerilado,278.2600,M2,22,
176,Laminado 5+5 Bronce Claro,237.4400,M2,22,
177,Laminado 5+5 Gris Claro,237.4400,M2,22,
178,Laminado 5+5 Verde Claro,0.0000,M2,22,
179,Laminado 5+5 Bronce Oscuro,251.5500,M2,22,
180,Laminado 5+5 Gris Oscuro,251.5500,M2,22,
181,Laminado 5+5 Verde Oscuro,0.0000,M2,22,
182,Laminado 5+5 Opalino,328.2600,M2,22,
183,Laminado 5+5 Esmerilado,328.2600,M2,22,
184,Laminado 6+6 Bronce Claro,0.0000,M2,22,
185,Laminado 6+6 Gris Claro,0.0000,M2,22,
186,Laminado 6+6 Verde Claro,0.0000,M2,22,
187,Laminado 6+6 Bronce Oscuro,0.0000,M2,22,
188,Laminado 6+6 Gris Oscuro,0.0000,M2,22,
189,Laminado 6+6 Verde Oscuro,0.0000,M2,22,
190,Laminado 6+6 Opalino,0.0000,M2,22,
191,Laminado 6+6 Esmerilado,0.0000,M2,22,
192,Laminado 8+8 Bronce Claro,0.0000,M2,22,
193,Laminado 8+8 Gris Claro,0.0000,M2,22,
194,Laminado 8+8 Bronce Oscuro,0.0000,M2,22,
195,Laminado 8+8 Gris Oscuro,0.0000,M2,22,
196,Laminado 8+8 Opalino,0.0000,M2,22,
197,Laminado 8+8 Esmerilado,0.0000,M2,22,
198,Laminado 6+4 Super Tint Supergrey,0.0000,M2,23,
199,Laminado 6+4 Super Tint Evergreen,0.0000,M2,23,
200,Laminado 6+4 Super Tint Artic Blue,0.0000,M2,23,
201,Laminado Reflectivo Suncool 4+4 Bronce,0.0000,M2,24,
202,Laminado Reflectivo Suncool 4+4 Gris,0.0000,M2,24,
203,Laminado Reflectivo Suncool 4+4 Azul Intenso,0.0000,M2,24,
204,Laminado Reflectivo Eclipse 6+4 Clear,0.0000,M2,25,
205,Laminado Reflectivo Eclipse 6+4 Grey,0.0000,M2,25,
206,Laminado Reflectivo Eclipse 6+4 Bronze,0.0000,M2,25,
207,Laminado Reflectivo Eclipse 6+4 Artic Blue,0.0000,M2,25,
208,Laminado Reflectivo Eclipse 6+4 Blue Green,0.0000,M2,25,
209,Laminado Reflectivo Eclipse 6+4 Evergreen,0.0000,M2,25,
210,Cristal Float 4 mm Incoloro Templado,0.0000,M2,26,
211,Cristal Float 5 mm Incoloro Templado,0.0000,M2,26,
212,Cristal Float 6 mm Incoloro Templado,0.0000,M2,26,
213,Cristal Float 8 mm Incoloro Templado,0.0000,M2,26,
214,Cristal Float 10 mm Incoloro Templado,0.0000,M2,26,
215,Cristal Float 12 mm Incoloro Templado,0.0000,M2,26,
216,Cristal Float 15 mm Incoloro Templado,0.0000,M2,26,
217,Cristal Float 19 mm Incoloro Templado,0.0000,M2,26,
218,Cristal Float 4 mm Bronce Templado,0.0000,M2,27,
219,Cristal Float 4 mm Gris Templado,0.0000,M2,27,
220,Cristal Float 4 mm Verde Templado,0.0000,M2,27,
221,Cristal Float 5 mm Bronce Templado,0.0000,M2,27,
222,Cristal Float 5 mm Gris Templado,0.0000,M2,27,
223,Cristal Float 5 mm Verde Templado,0.0000,M2,27,
224,Cristal Float 6 mm Bronce Templado,0.0000,M2,27,
225,Cristal Float 6 mm Gris Templado,0.0000,M2,27,
226,Cristal Float 6 mm Verde Templado,0.0000,M2,27,
227,Cristal Float 8 mm Bronce Templado,0.0000,M2,27,
228,Cristal Float 8 mm Gris Templado,0.0000,M2,27,
229,Cristal Float 10 mm Bronce Templado,0.0000,M2,27,
230,Cristal Float 10 mm Gris Templado,0.0000,M2,27,
231,Cristal Float 10 mm Verde Templado,0.0000,M2,27,
232,Fantasia Stipolite 8 mm Templado,0.0000,M2,27,
233,Fantasia Stipolite 10 mm Templado,0.0000,M2,27,
234,Policarbonato Alveolar 4 mm Incoloro,0.0000,M2,28,
235,Policarbonato Alveolar 6 mm Incoloro,0.0000,M2,28,
236,Policarbonato Alveolar 8 mm Incoloro,0.0000,M2,28,
237,Policarbonato Alveolar 10 mm Incoloro,0.0000,M2,28,
238,Policarbonato Alveolar 16 mm Incoloro,0.0000,M2,28,
239,Policarbonato Alveolar 4 mm Bronce,0.0000,M2,29,
240,Policarbonato Alveolar 4 mm Gris,0.0000,M2,29,
241,Policarbonato Alveolar 4 mm Opalino,0.0000,M2,29,
242,Policarbonato Alveolar 6 mm Bronce,0.0000,M2,29,
243,Policarbonato Alveolar 6 mm Gris,0.0000,M2,29,
244,Policarbonato Alveolar 6 mm Opalino,0.0000,M2,29,
245,Policarbonato Alveolar 8 mm Bronce,0.0000,M2,29,
246,Policarbonato Alveolar 8 mm Gris,0.0000,M2,29,
247,Policarbonato Alveolar 8 mm Opalino,0.0000,M2,29,
248,Policarbonato Alveolar 10 mm Bronce,0.0000,M2,29,
249,Policarbonato Alveolar 10 mm Gris,0.0000,M2,29,
250,Policarbonato Alveolar 10 mm Opalino,0.0000,M2,29,
251,Policarbonato Alveolar 16 mm Bronce,0.0000,M2,29,
252,Policarbonato Alveolar 16 mm Gris,0.0000,M2,29,
253,Policarbonato Alveolar 16 mm Opalino,0.0000,M2,29,
254,Policarbonato Compacto 1 mm Incoloro,0.0000,M2,30,
255,Policarbonato Compacto 2 mm Incoloro,0.0000,M2,30,
256,Policarbonato Compacto 3 mm Incoloro,0.0000,M2,30,
257,Policarbonato Compacto 4 mm Incoloro,0.0000,M2,30,
258,Policarbonato Compacto 6 mm Incoloro,0.0000,M2,30,
259,Policarbonato Compacto 8 mm Incoloro,0.0000,M2,30,
260,Policarbonato Compacto 1 mm Color,0.0000,M2,31,
261,Policarbonato Compacto 2 mm Color,0.0000,M2,31,
262,Policarbonato Compacto 3 mm Color,0.0000,M2,31,
263,Policarbonato Compacto 4 mm Color,0.0000,M2,31,
264,Policarbonato Compacto 6 mm Color,0.0000,M2,31,
265,Policarbonato Compacto 8 mm Color,0.0000,M2,31,
266,Perfil H de Policarbonato p/ 4 y 6,0.0000,M.L.,32,
267,Perfil H de Policarbonato p/ 8 y 10,0.0000,M.L.,32,
268,Perfil U de Policarbonato p/ 4 y 6,0.0000,M.L.,32,
269,Perfil U de Policarbonato p/ 8 y 10,0.0000,M.L.,32,
270,Cinta de Aluminio Ciega 20 mm,0.0000,M.L.,32,
271,Cinta de Aluminio Perforada 20 mm,0.0000,M.L.,32,
272,Rondalones,0.0000,Unidad,32,
273,Tapatornillos,0.0000,Unidad,32,
274,Tapa Redonda 1200 Incolora,0.0000,Unidad,33,
275,Tapa Tonel 800 x 1600 Incolora,0.0000,Unidad,33,
276,Tapa Tonel 800 x 1800 Incolora,0.0000,Unidad,33,
277,Tapa Redonda 1200 Bronce,0.0000,Unidad,34,
278,Tapa Redonda 1200 Gris,0.0000,Unidad,34,
279,Tapa Tonel 800 x 1600 Bronce,0.0000,Unidad,34,
280,Tapa Tonel 800 x 1600 Gris,0.0000,Unidad,34,
281,Tapa Tonel 800 x 1800 Bronce,0.0000,Unidad,34,
282,Tapa Tonel 800 x 1800 Gris,0.0000,Unidad,34,
283,Tapa Redonda 1200 Incolora Templada,0.0000,Unidad,35,
284,Tapa Tonel 800 x 1600 Incolora Templada,0.0000,Unidad,35,
285,Tapa Tonel 800 x 1800 Incolora Templada,0.0000,Unidad,35,
286,Tapa Redonda 1200 Bronce Templada,0.0000,Unidad,36,
287,Tapa Redonda 1200 Gris Templada,0.0000,Unidad,36,
288,Tapa Tonel 800 x 1600 Bronce Templada,0.0000,Unidad,36,
289,Tapa Tonel 800 x 1600 Gris Templada,0.0000,Unidad,36,
290,Tapa Tonel 800 x 1800 Bronce Templada,0.0000,Unidad,36,
291,Tapa Tonel 800 x 1800 Gris Templada,0.0000,Unidad,36,
292,Puerta STD Comp 914x2134 Incolora,0.0000,Unidad,37,
293,Puerta STD Comp 914x2134 Bronce,0.0000,Unidad,38,
294,Puerta STD Comp 914x2134 Gris,0.0000,Unidad,38,
295,Puerta STD Cristal Solo 914x2134 Incolora,0.0000,Unidad,39,
296,Puerta STD Cristal Solo 914x2134 Bronce,0.0000,Unidad,40,
297,Puerta STD Cristal Solo 914x2134 Gris,0.0000,Unidad,40,
298,Freno Superfren Piso,350.0000,Unidad,41,
299,Freno Superfren Piso c/ valvula sobreesfuerzo,386.0000,Unidad,41,
300,Freno Superfren Piso Gran Porte,640.0000,Unidad,41,
301,Freno Superfren Piso Gran Porte Portero Electrico,737.0000,Unidad,41,
302,Freno Superfren Piso Ascensor,350.0000,Unidad,41,
303,Freno Superfren Piso Portero Electrico,404.0000,Unidad,41,
304,Freno Superfren Piso 135º,404.0000,Unidad,41,
305,Freno Superfren Aereo,0.0000,Unidad,41,
306,Maquina F Superfren Piso,325.0000,Unidad,41,
307,Maquina F Superfren c/ valvula sobreesfuerzo,358.0000,Unidad,41,
308,Maquina F Superfren Ascensor,325.0000,Unidad,41,
309,Maquina F Superfren 135º,363.0000,Unidad,41,
310,Maquina F Superfren Portero Electrico,363.0000,Unidad,41,
311,Maquina F Superfren Reemplazo,0.0000,Unidad,41,
312,Maquina F Superfren Aereo,0.0000,Unidad,41,
313,Caja Custodia Freno,88.0000,Unidad,42,
314,Tapa Freno,88.0000,Unidad,42,
315,Sellador Acetico Transparente,0.0000,Unidad,43,
316,Sellador Acetico Blanco,0.0000,Unidad,43,
317,Sellador Acetico Negro,0.0000,Unidad,43,
318,Sellador Acetico Aluminio,0.0000,Unidad,43,
319,Sellador Neutro Transparente,0.0000,Unidad,43,
320,Masilla 450g,0.9900,Unidad,44,
321,Masilla 900g,1.6500,Unidad,44,
322,Masilla 10kg,12.4000,Unidad,44,
323,Masilla 15kg,18.1800,Unidad,44,
324,Masilla 17kg,116.0000,Unidad,44,
325,Masilla 34kg,164.3000,Unidad,44,
326,Borde Pulido Comun,0.0000,M.L.,45,
327,Borde Pulido Lijadora,0.0000,M.L.,45,
328,Borde Pulido Brillante 10 mm,38.0200,M.L.,45,
329,Borde Pulido Brillante 15 mm,45.4600,M.L.,45,
330,Borde Pulido Brillante 20 mm,53.0000,M.L.,45,
331,Borde Pulido Brillante Especiales,76.9000,M.L.,45,
332,Bisel Recto Sobre Cristal,14.8800,M.L.,46,
333,Bisel Recto Sobre Espejo,16.3700,M.L.,46,
334,Bisel Curvo Sobre Cristal,26.4500,M.L.,46,
335,Bisel Curvo Sobre Espejo,29.1000,M.L.,46,
336,Bisel c/ Forma Sobre Cristal,46.2800,M.L.,46,
337,Bisel c/ Forma Sobre Espejo,50.9000,M.L.,46,
338,Perforaciones de 4 / 25 mm,0.0000,Unidad,47,
339,Perforaciones de 50 / 150 mm,0.0000,Unidad,47,
340,Perforaciones de 150 / 300 mm,0.0000,Unidad,47,
341,Perforacion Cheque/ Voz/ Electricidad,0.0000,Unidad,47,
342,Colocación,0.0000,Unidad,48,
343,Mano de Obra de Sellado,0.0000,Unidad,48,
344,Recorte y Pulido,0.0000,Unidad,48,
345,Recorte y Colocación,0.0000,Unidad,48,
346,Desmontar Vidrios o Policarbonatos,0.0000,Unidad,48,
347,Mano de Obra de Herrería,0.0000,Unidad,48,
348,Mano de Obra de Albañilería,0.0000,Unidad,48,
349,Esmerilar Vidrio,0.0000,M2,49,
350,Esmerilar Vidrio c/ Diseño,0.0000,M2,49,
351,Esmerilar Espejo,0.0000,M2,49,
352,Esmerilar Espejo c/ Diseño,0.0000,M2,49,
353,Pintar Perfiles,0.0000,Unidad,50,
354,Anodizar Perfiles,0.0000,Unidad,50,
355,Service de Puerta Templada,0.0000,Unidad,51,
356,Service de Freno Hidraulico,0.0000,Unidad,51,
357,Service de Carpintería de Aluminio,0.0000,Unidad,51,
358,Camara DVH 6 mm,0.0000,M.L.,52,
359,Camara DVH 9 mm,0.0000,M.L.,52,
360,Camara DVH 12 mm,0.0000,M.L.,52,
361,Camara DVH 20 mm,0.0000,M.L.,52,
362,Ladrillo Nube 19x19x8 (910 - 810),0.0000,Unidad,53,
363,Ladrillo Nube 19x19x8 (748),0.0000,Unidad,53,
364,Ladrillo Nube 19x19x10 (709 - 678),0.0000,Unidad,53,
365,"Ladrillo Nube 24x11,5x8 (716)",0.0000,Unidad,53,
366,"Ladrillo Nube 11,5x11,5x8 (807)",0.0000,Unidad,53,
367,"Ladrillo Nube 9,5x19,7x8 (686)",0.0000,Unidad,53,
368,"Ladrillo Nube 14,6x14,6x8 (685)",0.0000,Unidad,53,
369,"Ladrillo Nube 14,6x19,7x8 (684)",0.0000,Unidad,53,
370,"Ladrillo Nube 19,7x19,7x8 (683)",0.0000,Unidad,53,
371,"Ladrillo Nube 9,5x19,7x9,8 (697)",0.0000,Unidad,53,
372,Ladrillo Nube 30x30x10 (798),0.0000,Unidad,53,
373,Ladrillo Nube Curvo 19x15x8 (600 - 01),0.0000,Unidad,53,
374,Ladrillo Baston Cruz Gueso 19x19x8 (722 - 609),0.0000,Unidad,53,
375,Ladrillo Baston Cruz Gueso 19x19x8 (747),0.0000,Unidad,53,
376,Ladrillo Baston Cruz Gueso 19x19x10 (708),0.0000,Unidad,53,
377,Ladrillo Baston Cruz Gueso 24x24x8 (756),0.0000,Unidad,53,
378,Ladrillo Baston Cruz Gueso 30x30x10 (723),0.0000,Unidad,53,
379,Ladrillo Baston Cruz Fino 19x19x8 (599 - 738),0.0000,Unidad,53,
380,Ladrillo Baston Cruz Fino 19x19x8 (746),0.0000,Unidad,53,
381,Ladrillo Baston Cruz Fino 24x24x8 (811),0.0000,Unidad,53,
382,Ladrillo Liso 19x19x8 (745 - 608),0.0000,Unidad,53,
383,Ladrillo Liso 24x24x8 (755),0.0000,Unidad,53,
384,Ladrillo Liso 19x9x8 (687),0.0000,Unidad,53,
385,Ladrillo Liso 30x30x10 (659),0.0000,Unidad,53,
386,"Ladrillo Carlota 19,7x9,5x8 (696)",0.0000,Unidad,53,
387,"Ladrillo Carlota 14,6x14,6x8 (695)",0.0000,Unidad,53,
388,Ladrillo Savona 19x19x8 (802),0.0000,Unidad,53,
389,"Ladrillo Savona 24x11,5x8 (804)",0.0000,Unidad,53,
390,Ladrillo Savona 24x24x8 (805),0.0000,Unidad,53,
391,Ladrillo Difusor de Luz 19x19x8 (766),0.0000,Unidad,53,
392,Ladrillo Difusor de Luz 19x19x10 (790),0.0000,Unidad,53,
393,Ladrillo Venus 19x19x8 (725),0.0000,Unidad,53,
394,Ladrillo Satina 19x19x8 (754),0.0000,Unidad,53,
395,Ladrillo Director de Luz 19x19x8 (758),0.0000,Unidad,53,
396,Ladrillo Alfa 19x19x8 (762),0.0000,Unidad,53,
397,Ladrillo Cosmos 19x19x8 (719),0.0000,Unidad,53,
398,"Ladrillo Cosmos Rect 24x11,5x8 (721)",0.0000,Unidad,53,
399,Ladrillo Digona 19x19x8 (801),0.0000,Unidad,53,
400,Ladrillo Stella - Flora 19x19x8 (890 - 800),0.0000,Unidad,53,
401,Ladrillo Marin 19x19x8 (848),0.0000,Unidad,53,
402,Ladrillo Samba 19x19x8 (806),0.0000,Unidad,53,
403,Ladrillo Riva 19x19x8 (771),0.0000,Unidad,53,
404,Ladrillo 1908/P - 1908/A 19x19x8 (504 - 505),0.0000,Unidad,53,
405,Ladrillo 1908/ZP - 1908/PG 19x19x8 (509 - 503),0.0000,Unidad,53,
406,Ladrillo Satinado Nube 19x19x8 (939),0.0000,Unidad,54,
407,Ladrillo Satinado Nube 19x19x8 (941),0.0000,Unidad,54,
408,Ladrillo Satinado Nube 24x24x8 (761),0.0000,Unidad,54,
409,Ladrillo Satinado Nube 19x9x8 (688),0.0000,Unidad,54,
410,Ladrillo Satinado Liso 19x19x8 (940),0.0000,Unidad,54,
411,Ladrillo Satinado Liso 24x24x8 (763),0.0000,Unidad,54,
412,Ladrillo Satinado Liso 19x9x8 (689),0.0000,Unidad,54,
413,Ladrillo Satinado Liso 30x30x10 (592),0.0000,Unidad,54,
414,Ladrillo Satinado Nube Agua Marina 19x19x8 (753),0.0000,Unidad,54,
415,Ladrillo Satinado Liso Agua Marina 19x19x8 (606),0.0000,Unidad,54,
416,Ladrillo Satinado Nube Rosa 19x19x8 (944),0.0000,Unidad,54,
417,Ladrillo Satinado Liso Rosa 19x19x8 (602),0.0000,Unidad,54,
418,Ladrillo Satinado Nube Gris 19x19x8 (760),0.0000,Unidad,54,
419,Ladrillo Satinado Liso Gris 19x19x8 (604),0.0000,Unidad,54,
420,Ladrillo Satinado Nube Turquesa 19x19x8 (744),0.0000,Unidad,54,
421,Ladrillo Satinado Liso Turquesa 19x19x8 (603),0.0000,Unidad,54,
422,Ladrillo Satinado Nube Bronce 19x19x8 (618),0.0000,Unidad,54,
423,Ladrillo Satinado Nube Verde 19x19x8 (779),0.0000,Unidad,54,
424,Ladrillo Satinado Nube Azul 19x19x8 (611),0.0000,Unidad,54,
425,Ladrillo Nube Bronce 19x19x8 (711),0.0000,Unidad,54,
426,Ladrillo Nube Bronce 19x19x8 (829),0.0000,Unidad,54,
427,Ladrillo Liso Bronce 19x19x8 (776),0.0000,Unidad,54,
428,Ladrillo Nube Bronce 24x24x8 (715),0.0000,Unidad,54,
429,"Ladrillo Nube Bronce 24x11,5x8 (717)",0.0000,Unidad,54,
430,Ladrillo Nube Turquesa 19x19x8 (729),0.0000,Unidad,54,
431,Ladrillo Liso Turquesa 19x19x8 (845),0.0000,Unidad,54,
432,Ladrillo Nube Verde (Suave)  19x19x8 (713),0.0000,Unidad,54,
433,Ladrillo Nube Verde 19x19x8 (752),0.0000,Unidad,54,
434,Ladrillo Nube Rosa 19x19x8 (712),0.0000,Unidad,54,
435,Ladrillo Nube Rosa 19x19x8 (832),0.0000,Unidad,54,
436,Ladrillo Liso Rosa 19x19x8 (831),0.0000,Unidad,54,
437,Ladrillo Nube Gris 19x19x8 (742 - 542),0.0000,Unidad,54,
438,Ladrillo Nube Gris 19x19x8 (830),0.0000,Unidad,54,
439,Ladrillo Liso Gris 19x19x8 (730),0.0000,Unidad,54,
440,Ladrillo Liso Gris 19x19x8 (827),0.0000,Unidad,54,
441,Ladrillo Nube Turquesa 19x19x8 (729),0.0000,Unidad,54,
442,Ladrillo Nube Agua Marina 19x19x8 (759),0.0000,Unidad,54,
443,Ladrillo Liso Agua Marina 19x19x8 (784),0.0000,Unidad,54,
444,Ladrillo Liso Agua Marina 19x19x8 (828),0.0000,Unidad,54,
445,Ladrillo Nube Azul Marino 19x19x8 (743),0.0000,Unidad,54,
446,Ladrillo Nube Turquesa 19x19x8 (729),0.0000,Unidad,54,
447,Ladrillo Nube Rojo 19x19x8 (749),0.0000,Unidad,54,
448,Ladrillo Nube Amarillo 19x19x8 (751),0.0000,Unidad,54,
449,Ladrillo Nube Azul Francia 19x19x8 (750),0.0000,Unidad,54,
450,Ladrillo Riva Rosa 19x19x8 (825),0.0000,Unidad,54,
451,Ladrillo Riva Agua Marina 19x19x8 (698),0.0000,Unidad,54,
452,Ladrillo Samba Turquesa 19x19x8 (699),0.0000,Unidad,54,
453,Ladrillo Samba Agua Marina 19x19x8 (691),0.0000,Unidad,54,
454,Ladrillo Digona Agua Marina 19x19x8 (889),0.0000,Unidad,54,
455,Ladrillo Savona Bronce 19x19x8 (803),0.0000,Unidad,54,
456,"Ladrillo Savona Bronce Rect 24x11,5x8 (681)",0.0000,Unidad,54,
457,Ladrillo Esq. Nube Ochavado 19x19x8 (718 - 71801),0.0000,Unidad,54,
458,Ladrillo Esq. Nube Recto Checo 19x13x8 (839),0.0000,Unidad,54,
459,Ladrillo Esq. Nube Recto Aleman 19x19x8 (736),0.0000,Unidad,54,
460,Ladrillo Esq. Baston Cruz Recto 19x19x8 (737),0.0000,Unidad,54,
461,Ladrillo Esq. Liso Recto Checo 19x13x8 (852),0.0000,Unidad,54,
462,Ladrillo Esq. Nube Gris 19x13x8 (838),0.0000,Unidad,54,
463,Ladrillo Esq. Nube Bronce 19x13x8 (834),0.0000,Unidad,54,
464,Ladrillo Esq. Nube Agua Marina 19x13x8 (833),0.0000,Unidad,54,
465,Ladrillo Esq. Nube Rosa 19x13x8 (837),0.0000,Unidad,54,
466,Ladrillo Esq. Liso Gris 19x13x8 (842),0.0000,Unidad,54,
467,Ladrillo Esq. Liso Bronce 19x13x8 (843),0.0000,Unidad,54,
468,Ladrillo Esq. Liso Agua Marina 19x13x8 (879),0.0000,Unidad,54,
469,Ladrillo Esq. Liso Rosa 19x13x8 (841),0.0000,Unidad,54,
470,Ladrillo Esq. Liso Turquesa 19x13x8 (844),0.0000,Unidad,54,
471,Ladrillo Contra Incendio Liso F30 19x19x8 (662),0.0000,Unidad,55,
472,Ladrillo Contra Incendio Liso F60 19x19x16 (665),0.0000,Unidad,55,
473,Ladrillo Contra Incendio Liso F90 19x19x16 (666),0.0000,Unidad,55,
474,Ladrillo de Terminacion Nube End 19x19x8 (846),0.0000,Unidad,55,
475,Ladrillo de Terminacion Nube Doble End 19x19x8 (847),0.0000,Unidad,55,
476,Ladrillo Alto Impacto Liso 19x19x8 (682),0.0000,Unidad,55,
477,Ladrillo Alto Impacto Nube 19x19x8 (778),0.0000,Unidad,55,
478,Ladrillo Alto Impacto Ordo 19x19x8 (707),0.0000,Unidad,55,
479,Ladrillo de Ventilacion Ventiblock 19x19x8 (735),0.0000,Unidad,55,
480,"Teja 52 Bis -Losa- 41,3x23,2 (821)",0.0000,Unidad,56,
481,"Teja 111 -Losa- 41x24,5 (943)",0.0000,Unidad,56,
482,"Teja 154 -Calvu- 44,5x25 (822)",0.0000,Unidad,56,
483,"Teja 103 -Loimar- 40,5x23 (823)",0.0000,Unidad,56,
484,Teja Yunque A  40x23 (840),0.0000,Unidad,56,
485,"Tabique Gemax C 19x19x3,4 (617)",0.0000,Unidad,56,
486,Baldosa Hormigon B16 16x16x3 (701),0.0000,Unidad,57,
487,"Baldosa Hormigon B117 11,7x11,7x6 (700)",0.0000,Unidad,57,
488,"Baldosa Hormigon B117 Antides 11,7x11,7x6 (702)",0.0000,Unidad,57,
489,"Baldosa Hormigon R117 11,7x11,7x6 (703)",0.0000,Unidad,57,
490,"Baldosa Hormigon R117 Antides 11,7x11,7x6 (704)",0.0000,Unidad,57,
491,"Baldosa Hormigon Novalux 19,5x19,5x5 (619)",0.0000,Unidad,57,
492,Baldosa Hormigon F1260 12x12x6 (836),0.0000,Unidad,57,
493,Baldosa Hormigon F1580 15x15x8 (824),0.0000,Unidad,57,
494,Baldosa Hormigon A1580 15x15x8 (893),0.0000,Unidad,57,
495,"Baldosa Hormigon B20 20x20x2,2 (705)",0.0000,Unidad,57,
496,Baldosa Hormigon Encaset. Plast. B20 23x23x6 (706),0.0000,Unidad,57,
497,Baldosa Hormigon B191 19x19x10 (897),0.0000,Unidad,57,
498,Baldosa Hormigon Encaset. Plast. B191 22x22x2 (734),0.0000,Unidad,57,
499,Baldosa Hormigon Samba BG 19x19x8 (692),0.0000,Unidad,57,
500,Baldosa Hormigon Liso BG 19x19x8 (797),0.0000,Unidad,57,
501,"Baldosa Hierro Arex 30x30x2,5 (620)",0.0000,Unidad,58,
502,Baldosa Hierro Vitra Incolora 20x20x2 (146),0.0000,Unidad,58,
503,Baldosa Hierro Vitra Satinada 20x20x2 (354),0.0000,Unidad,58,
504,Baldosa Hierro Vitra Incolora 24x24x2 (147),0.0000,Unidad,58,
505,Baldosa Hierro Vitra Satinada 24x24x2 (690),0.0000,Unidad,58,
506,Baldosa Hierro Vitra Incolora 30x30x2 (148),0.0000,Unidad,58,
507,Baldosa Hierro Vitra Satinada 30x30x2 (661),0.0000,Unidad,58,
508,"Baldosa Hierro Vitra P2020 Incolora 20x20x2,5 (75)",0.0000,Unidad,58,
509,Baldosa Contra Incendio F30 BG 19x19x8 (663),0.0000,Unidad,59,
510,Baldosa Contra Incendio F60 BG 19x19x16 (668),0.0000,Unidad,59,
511,Baldosa Contra Incendio F90 BG 19x19x16 (669),0.0000,Unidad,59,
512,Piso F6+P1+F6 (280-00),0.0000,Unidad,60,
513,Piso F6+P1+F8 (281-00),0.0000,Unidad,60,
514,Piso F8+P1+F8 (282-00),0.0000,Unidad,60,
515,Piso F8+P1+F10 (283-00),0.0000,Unidad,60,
516,Piso F8+P1+F10 (283-00),0.0000,Unidad,60,
517,Piso F10+P1+F10 (284-00),0.0000,Unidad,60,
518,Piso F12+P1+F12 (285-00),0.0000,Unidad,60,
519,Piso F10+P1+F10+P1+F10 (286-00),0.0000,Unidad,60,
520,Bloque Piso 50x50 4 Baldosas (638-00),0.0000,Unidad,61,
521,Bloque Piso 50x70 6 Baldosas (641-00),0.0000,Unidad,61,
522,Bloque Piso 50x90 8 Baldosas (623-00),0.0000,Unidad,61,
523,Bloque Piso 50x110 10 Baldosas (642-00),0.0000,Unidad,61,
524,Bloque Piso 50x130 12 Baldosas (624-00),0.0000,Unidad,61,
525,Bloque Piso 70x70 9 Baldosas (640-00),0.0000,Unidad,61,
526,Bloque Piso 70x90 12 Baldosas (640-00),0.0000,Unidad,61,
527,Bloque Piso 70x70 9 Baldosas (855-00),0.0000,Unidad,61,
528,Bloque Piso 70x70 9 Baldosas (855-00),0.0000,Unidad,61,
529,Bloque Piso 70x110 15 Baldosas (643-00),0.0000,Unidad,61,
530,Bloque Piso 70x130 18 Baldosas (639-00),0.0000,Unidad,61,
531,Bloque Pared 27x107 5 Ladrillos (457-00),0.0000,Unidad,62,
532,Bloque Pared 27x127 6 Ladrillos (457-01),0.0000,Unidad,62,
533,Bloque Pared 47x67 6 Ladrillos (457-02),0.0000,Unidad,62,
534,Bloque Pared 47x87 8 Ladrillos (457-03),0.0000,Unidad,62,
535,Bloque Pared 47x107 10 Ladrillos (457-04),0.0000,Unidad,62,
536,Bloque Pared 67x67 9 Ladrillos (457-05),0.0000,Unidad,62,
537,Bloque Pared 67x87 12 Ladrillos (457-06),0.0000,Unidad,62,
538,P14SFCAA-Freno Piso Superfren Com ' Aa' ,376.4100,Unidad,63,
539,P14SFCA-Freno Piso Superfren Com ' A' ,347.6800,Unidad,63,
540,P14SFCB-Freno Piso Superfren Com 'B' ,347.6800,Unidad,63,
541,P14SFCC-Freno Piso Superfren Com 'C',347.6800,Unidad,63,
542,P14SFMAA-Freno Piso Superfren Maq ' Aa',344.2700,Unidad,63,
543,P14SFMA-Freno Piso Superfren Maq 'A',344.2700,Unidad,63,
544,P14SFMB-Freno Piso Superfren Maq 'B',344.2700,Unidad,63,
545,P14SFMC-Freno Piso Superfren Maq 'C',344.2700,Unidad,63,
546,P14SFCPA-Freno Piso Superfren Com P/Pe 'A',426.9100,Unidad,64,
547,P14SFCPB-Freno Piso Superfren Com P/Pe 'B',428.4400,Unidad,64,
548,P14SFCPC-Freno Piso Superfren Com P/Pe 'C',426.9100,Unidad,64,
549,P14SFC135A-Freno Piso Superfren Com 135º 'A' ,426.9100,Unidad,65,
550,P14SFAC-Accesorio P/P14SF: Custodia,116.2900,Unidad,66, (Caja Del Freno Que Se Embute En Piso)
551,P14SFATAI-Accesorio P/P14SF: Tapa Inoxidable,116.2900,Unidad,66,
552,P14SFATB-Accesorio P/P14SF: Tapa Bronce,116.2900,Unidad,66,
553,P14SFAB-Accesorio P/P14SF: Bieleta ,128.5300,Unidad,66,(Adaptador Para Puertas Metalicas)
554,P15DB-Freno Aereo Dorma Blanco,223.3900,Unidad,67,
555,P15DN-Freno Aereo Dorma Negro,223.3900,Unidad,67,
556,P15SFAS-Accesorio P/P15SF: Soporte,31.8000,Unidad,68," (Chapa En ""U"" Para Instalar Freno En Pta. De Cristal)"
557,F43P-Pasador P/Ban Basculante P,123.0600,Unidad,69,
558,P21P-Pasador Esqui P,53.9500,Unidad,69,
559,P20SGP-Pasador Inf/Sup Chi P,78.2100,Unidad,69,
560,P20P-Pasador Inf/Sup Gra P,103.7000,Unidad,69,
561,P22P-Pasador Cen Simple Accion P,75.8800,Unidad,69,
562,P23P-Pasador Cen Doble Acccion P,80.7600,Unidad,69,
563,P20MP-Mecanismo P/P20 P,40.9700,Unidad,69,
564,P49P-Cierradura Tipo Clip P,116.8100,Unidad,69,
565,P01SGSFP-Pivot Inf Chi C/Vuelo P/P14SF P,79.6200,Unidad,70,
566,P01SFP-Pivot Inf Gra C/Vuelo P/P14SF P,103.5300,Unidad,70,
567,P02SGP-Pivot Inf Chi C/Vuelo P,71.8200,Unidad,70,
568,P02P-Pivot Inf Gra C/Vuelo P,108.6800,Unidad,70,
569,P03SGPD-Pivot Inf Chi S/Vuelo PD,95.9200,Unidad,70,
570,P03SGPI-Pivot Inf Chi S/Vuelo PI,95.9200,Unidad,70,
571,P03PD-Pivot Inf Gra S/Vuelo PD,82.6000,Unidad,70,
572,P03PI-Pivot Inf Gra S/Vuelo PI,82.6000,Unidad,70,
573,P04SGPD-Pivot Inf Chi S/Vuelo Exce PD,81.9800,Unidad,70,
574,P04SGPI-Pivot Inf Chi S/Vuelo Exce PI,81.9800,Unidad,70,
575,P04PD-Pivot Inf Gra S/Vuelo Exce PD,70.6200,Unidad,70,
576,P04PI-Pivot Inf Gra S/Vuelo Exce PI,70.6200,Unidad,70,
577,P05SGP-Pivot Sup Chi C/Vuelo P,72.1800,Unidad,70,
578,P05P-Pivot Sup Gra C/Vuelo P,85.3900,Unidad,70,
579,P05SGAP-Pivot Sup Chi C/Vuelo Y Buje P,86.0700,Unidad,70,
580,P05SGBPD-Pivot Sup Chi C/Vuelo Y Buje A Muro PD,156.2900,Unidad,70,
581,P05SGBPI-Pivot Sup Chi C/Vuelo Buje A Muro PI,156.2900,Unidad,70,
582,P05EP-Pivot Sup C/Vuelo. Buje Y Amure P,262.3900,Unidad,70,
583,P05M-Mecanismo P/P05,30.0000,Unidad,70,
584,P06SGPD-Pivot Sup Chi S/Vuelo PD,99.6800,Unidad,70,
585,P06SGPI-Pivot Sup Chi S/Vuelo PI,99.6800,Unidad,70,
586,P06PD-Pivot Sup Gra S/Vuelo PD,90.0400,Unidad,70,
587,P06PI-Pivot Sup Gra S/Vuelo PI,90.0400,Unidad,70,
588,P07SGPD-Pivot Sup Chi S/Vuelo Exce PD,96.3500,Unidad,70,
589,P07SGPI-Pivot Sup Chi S/Vuelo Exce PI,96.3500,Unidad,70,
590,P07PD-Pivot Sup Gra S/Vuelo Exce PD,87.1700,Unidad,70,
591,P07PI-Pivot Sup Gra S/Vuelo Exce PI,87.1700,Unidad,70,
592,P16P-Pivot Libre P/Piso P,22.8600,Unidad,70,
593,P05M-Mecanismo P/P05,30.0000,Unidad,70,
594,EAL-Equipo Automatico Liviano,13020.0000,Unidad,70,
595,Frente Flexible 1 Curva Ml ,1600.0000,Unidad,70,
596,P10ASGP-Pivot C/Carro P/Ptas Hasta 50kg P ,119.3000,Unidad,71,
597,P10AP-Pivot C/Carro P/Ptas Hasta 100kg P ,165.0700,Unidad,71,
598,P31P-Guia P/Ptas Corredizas P,50.5400,Unidad,71,
599,P30-Tope P/Perfil Roma,21.6900,Unidad,71,
600,P38BP-Articulado Inf/Sup P/Pleg C/Pasa P ,391.2700,Unidad,72,
601,P39PD-Articulado Sup C/Carro P/Pleg PD,441.6700,Unidad,72,
602,P39PI-Articulado Sup C/Carro P/Pleg PI,441.6700,Unidad,72,
603,P40PD-Articulado Inf C/Patin P/Pleg PD,383.1000,Unidad,72,
604,P40PI-Articulado Inf C/Patin P/Pleg PD,383.1000,Unidad,72,
605,P41PD-Pivot Inf Esqui Gra C/Patin P/Pleg PD,154.0200,Unidad,72,
606,P41PI-Pivot Inf Esqui Gra C/Patin P/Pleg PI,154.0200,Unidad,72,
607,P41APD-Pivot Inf Esqui Chi C/Patin P/Pleg PD,77.0200,Unidad,72,
608,P41API-Pivot Inf Esqui Chi C/Patin P/Pleg PI,77.0200,Unidad,72,
609,P41BPD-Pivot Sup C/Carro P/Pleg PD,215.9500,Unidad,72,
610,P41BPI-Pivot Sup C/Carro P/Pleg PI,215.9500,Unidad,72,
611,P17SGBPD-Cerradura Inf/Sup Chi A Piso PD,127.8700,Unidad,73,
612,P17SGBPI-Cerradura Inf/Sup Chi A Piso PI,127.8700,Unidad,73,
613,P17BPD-Cerradura Inf/Sup Gra A Piso PD,147.4300,Unidad,73,
614,P17BPI-Cerradura Inf/Sup Gra A Piso PI,147.4300,Unidad,73,
615,P21AP-Cerradura Inf/Sup Cerrojo Esqui P,136.4600,Unidad,73,
616,P17MBSG-Mecanismo P/P17sg A Piso,78.5600,Unidad,73,
617,P17BM-Mecanismo P/P17b A Piso,77.1300,Unidad,73,
618,P08P-Bisagra P/Ptas Hasta 50kg P,105.5100,Unidad,74,
619,P58P-Bisagra A Muro S/Traba P,135.2700,Unidad,74,
620,P58DP-Bisagra Vidrio/Vidrio S/Traba P,142.8600,Unidad,74,
621,P63AP-Bisagra A Muro C/Traba P,231.4600,Unidad,74,
622,P63BP-Bisagra Vidrio/Vidrio C/Traba P C/U,191.7900,Unidad,74,
623,F41P-Pivot P/Ban Basculante P,47.4800,Unidad,75,
624,F42PD-Buje P/Ban Basculante PD,56.7000,Unidad,75,
625,F42PI-Buje P/Ban Basculante PI,56.7000,Unidad,75,
626,F42AP-Buje P/Ban Basculante C/Cvc P,96.4300,Unidad,75,
627,P18P-Cerradura Cen Schlage C/Traba Int P,255.1300,Unidad,76,
628,P34P-Cerradura Montante Simple Accion P ,133.9900,Unidad,76,(Incluye Cerradura Y Contra A Vidrio)
629,P51SGPD-Cerradura Cen Chi PD,145.4500,Unidad,76,
630,P51SGPI-Cerradura Cen Chi PI,145.4500,Unidad,76,
631,P17MSG-Mecanismo P/P17SG/P51SG A Muro,78.5600,Unidad,76,
632,P53BPD-Cerradura Cen C/Tir Meta P/Pleg PD,477.1200,Unidad,76,
633,P53BPI-Cerradura Cen C/Tir Meta P/Pleg PI,477.1200,Unidad,76,
634,P55APD-Cerradura Cen S/Tir PD,258.8600,Unidad,76,
635,P55API-Cerradura Cen S/Tir PI,258.8600,Unidad,76,
636,P55NPD-Cerradura Cen S/Tir P/PE PD,418.9200,Unidad,76,
637,P55NPI-Cerradura Cen S/Tir P/Pe PI,418.9200,Unidad,76,
638,F28P-Contrapasa P/P22 P ,70.3100,Unidad,77,
639,F34P-Contracerr C/Bat P/P18 P ,74.3400,Unidad,77,
640,F35P-Contracerr P/P49 P,47.0100,Unidad,77,
641,F44P-Contrapasa P/F43 P ,55.8400,Unidad,77,
642,P35P-Pasador Montante Simple Accion P ,75.0500,Unidad,77,
643,P35AP-Contrapasa Montante P/P35 P ,66.4100,Unidad,77,
644,P65P-Contracerr C/Bat P/P51 P ,84.1400,Unidad,77,
645,P66P-Contracerr A Muro C/Bat P/P51SG P,12.5700,Unidad,77,
646,P56AP-Contracerr P55A P ,192.0000,Unidad,77,
647,P56NPD-Contracerr S/Tir C/Bat P/P55N PD,296.7000,Unidad,77,
648,P56NPI-Contracerr S/Tir C/Bat P/P55N PI,296.7000,Unidad,77,
649,P57BP-Contracerr A Muro P/P53A O P55A P,32.7100,Unidad,77,
650,P57NPD-Contracerr C/Bat Y Pe P/P53N/P55N PD,110.2700,Unidad,77,
651,P57NPI-Contracerr C/Bat Y PE P/P53N/P55N PI,110.2700,Unidad,77,
652,F01SGPD-Sosten Ban Chi C/Vuelo Y Amure PD,83.0800,Unidad,78,
653,F01SGPI-Sosten Ban Chi C/Vuelo Y Amure PI,83.0800,Unidad,78,
654,F01PD-Sosten Ban Gra C/Vuelo Y Amure PD,114.9200,Unidad,78,
655,F01PI-Sosten Ban Gra C/Vuelo Y Amure PI,114.9200,Unidad,78,
656,F02PD-Sosten Ban S/Vuelo Y A Mure PD,84.4200,Unidad,78,
657,F02PI-Sosten Ban S/Vuelo Y A Mure PI,84.4200,Unidad,78,
658,F03PD-Sosten Ban C/Vuelo Exce Y Amure PD,84.4200,Unidad,78,
659,F03PI-Sosten Ban C/Vuelo Exce Y Amure PI,84.4200,Unidad,78,
660,F09SGPD-Sosten Ban Chi C/Vuelo. PF Y Cvc PD,186.2100,Unidad,78,
661,F09SGPI-Sosten Ban Chi C/Vuelo. PF Y Cvc PI,186.2100,Unidad,78,
662,F09PD-Sosten Ban Gra C/Vuelo. PF Y Cvc PD,194.0400,Unidad,78,
663,F09PI-Sosten Ban Gra C/Vuelo. PF Y Cvc PI,194.0400,Unidad,78,
664,F10SGPD-Sosten Ban Chi C/Vuelo. PF Y Cvl PD,202.4300,Unidad,78,
665,F10SGPI-Sosten Ban Chi C/Vuelo. PF Y Cvl PI,202.4300,Unidad,78,
666,F10PD-Sosten Ban Gra C/Vuelo. PF Y Cvl PD,175.6200,Unidad,78,
667,F10PI-Sosten Ban Gra C/Vuelo. PF Y Cvl PI,175.6200,Unidad,78,
668,F11SGP-Sosten Ban Doble Chi C/Vuelo Y Cvc P,257.6200,Unidad,78,
669,F11P-Sosten Ban Doble Gra C/Vuelo Y Cvc P,354.8000,Unidad,78,
670,F38PD-Sosten Ban C/Vuelo Y 1 PF A 90º PD,163.8100,Unidad,78,
671,F38PI-Sosten Ban C/Vuelo Y 1 PF A 90º PI,163.8100,Unidad,78,
672,F38APD-Sosten Ban C/Vuelo Y 1 PF A 90º C/Tr PD,163.8100,Unidad,78,
673,F38API-Sosten Ban C/Vuelo Y 1 PF A 90º C/Tr PI,163.8100,Unidad,78,
674,F45SGPD-Sosten Ban Chi C/Vuelo PD,164.5500,Unidad,78,
675,F45SGPI-Sosten Ban Chi C/Vuelo PI,164.5500,Unidad,78,
676,F45PD-Sosten Ban Gra C/Vuelo PD,188.6800,Unidad,78,
677,F45PI-Sosten Ban Gra C/Vuelo PI,188.6800,Unidad,78,
678,P11P-Buje Sup C/Amure A Dintel P,15.0600,Unidad,78,
679,F46AC-F46AC-Soporte Araña 1 Via Cromado ,212.2900,Unidad,79,
680,F46BC-F46BC-Soporte Araña 2 Vias Cromado ,223.5300,Unidad,79,
681,F46CC-Soporte Araña 3 Vias C/U ,249.6100,Unidad,79,
682,F46DC-F46DC-Soporte Araña 4 Vias Cromado ,296.2900,Unidad,79,
683,F47-F47C-Rotula Para Soporte Araña Cromado ,107.5600,Unidad,79,
684,F04P-Soporte Simple A Muro P,38.5300,Unidad,80,
685,F07P-Soporte 2 Cris C/Amure P,70.5500,Unidad,80,
686,F08P-Soporte 2 Cris Y Cv C/Amure P,107.2200,Unidad,80,
687,F12P-Soporte 4 Cris P ,134.8900,Unidad,80,
688,F13P-Soporte 4 Cris Y Cvc P,167.7100,Unidad,80,
689,F14P-Soporte 4 Cris Y Cvl P ,209.1300,Unidad,80,
690,F15PD-Soporte 3 Cris Y Cvc PD,157.2100,Unidad,80,
691,F15PI-Soporte 3 Cris Y Cvc PI,157.2100,Unidad,80,
692,F15APD-Soporte 3 Cris Y Cvc P/Bas PD,144.1000,Unidad,80,
693,F15API-Soporte 3 Cris Y Cvc P/Bas PI,144.1000,Unidad,80,
694,F15BPD-Soporte 3 Cris Y Cvc P/Bas C/Bat PD,168.1200,Unidad,80,
695,F15BPI-Soporte 3 Cris Y Cvc P/Bas C/Bat PI,168.1200,Unidad,80,
696,F16PD-Soporte 3 Cris Y Cvl PdD,173.9700,Unidad,80,
697,F16PI-Soporte 3 Cris Y Cvl PI,173.9700,Unidad,80,
698,F17PD-Soporte 3 Cris Y Cvc C/Bat Con PD,156.2900,Unidad,80,
699,F17PI-Soporte 3 Cris Y Cvc C/Bat Con PI,156.2900,Unidad,80,
700,F17BPD-Soporte 3 Cris Y Cvc C/Bat Ado PD,141.5600,Unidad,80,
701,F17BPI-Soporte 3 Cris Y Cvc C/Bat Ado PI,141.5600,Unidad,80,
702,F18PD-Soporte 3 Cris Y Cvl C/Bat Con PD,175.2500,Unidad,80,
703,F18PI-Soporte 3 Cris Y Cvl C/Bat Con PI,175.2500,Unidad,80,
704,F18BPD-Soporte 3 Cris Y Cvl C/Bat Ado PD,158.1500,Unidad,80,
705,F18BPI-Soporte 3 Cris Y Cvl C/Bat Ado PI,158.1500,Unidad,80,
706,F19P-Soporte 2 Cris P ,69.9000,Unidad,80,
707,F20P-Soporte 3 Cris C/Bat Con P,119.5700,Unidad,80,
708,F20AP-Soporte 3 Cris P,99.7600,Unidad,80,
709,F20BP-Soporte 3 Cris C/Bat Ado P ,131.2900,Unidad,80,
710,F21P-Soporte 2 Cris Nucleo Cerrado P,65.4600,Unidad,80,
711,F22P-Soporte 2 Cris A 90º C/Amure P,108.0800,Unidad,80,
712,F22AP-Soporte Cris A 90º S/Amure P,84.3800,Unidad,80,
713,F23P-Soporte 4 Cris A 90º P,276.4200,Unidad,80,
714,F23BP-Soporte 4 Cris A 90º C/Tr P ,286.8100,Unidad,80,
715,F23CPD-Soporte 3 Cris A 90º C/Bat Ado PD,248.8000,Unidad,80,
716,F23CPI-Soporte 3 Cris A 90º C/Bat Ado PI,248.8000,Unidad,80,
717,F23DPD-Soporte 3 Cris A 90º C/Bat Ado Y Tr PD,248.8000,Unidad,80,
718,F23DPI-Soporte 3 Cris A 90º C/Bat Ado Y Tr PI,248.8000,Unidad,80,
719,F24P-Soporte Simple P,33.2000,Unidad,80,
720,F25P-Soporte Simple C/Bat Ado P,51.0400,Unidad,80,
721,F26P-Soporte 2 Cris Chi P,101.5900,Unidad,80,
722,F26BP-Soporte 2 Cris Gra P,186.9200,Unidad,80,
723,F27P-Soporte 2 Cris Chi C/Bat P,99.2300,Unidad,80,
724,F27BP-Soporte 2 Cris Gra C/Bat P,168.9300,Unidad,80,
725,F39P-Soporte 2 Cris A 135º P ,198.2900,Unidad,80,
726,F39AP-Soporte 2 Cris A 135º C/Tr P ,198.2900,Unidad,80,
727,F40P-Soporte 4 Cris A 135º P ,260.1500,Unidad,80,
728,F40AP-Soporte 4 Cris A 135º C/Tr P ,312.5500,Unidad,80,
729,F100-Soporte 2 Cris Y Cv C/Amure Hº ,133.8900,Unidad,80,"(Soporte De Hierro Para Frentes De Mas De 3000 Mm De Alto Para Contravientos De 300, 350 Y 400 Mm)"
730,P01ZSF-Pivot Inf P/Zocalon P/P14SF,56.5000,Unidad,81,
731,P02Z-Pivot Inf. P/Zocalon Uni ,34.8200,Unidad,81,
732,P05Z-Pivot Sup P/Zocalon ,35.4500,Unidad,81,
733,P17Z-Cerradura Inf/Sup P/Zocalon,160.1400,Unidad,81,
734,P21Z-Pasador P/Zocalon,72.9000,Unidad,81,
735,P41ZC-Pivot Sup C/Carro P/Zocalon ,74.1500,Unidad,81,
736,P41ZP-Pivot Inf C/Patin P/Zocalon PEYZ-Accesorio P/Zocalo: ,74.1500,Unidad,81,Soporte Union Cristal / Zocalo (No Posee Precio. Incluido En El Zocalon)
737,PEYZG-Accesorio P/Zocalo: Tapa Gris,3.8200,Unidad,81,
738,PEAI-Perfil 'U' Aº Iº 15x25 X 2.44 Mt Ml ,31.8100,Unidad,82,"(""U"" Que Se Embute En Piso Para Usar De Guia)"
739,Per-Perfil Roma 40x47 X 3/6 Mt Ml ,47.3000,Unidad,82,(Perfil Superior Para Alojar Carros)
740,PEAN25-Perfil 'U' Alu Anod Nat 15x25 X 3/6 Mt Ml ,13.9000,Unidad,82,
741,PEAN40-Perfil 'U' Alu Anod Nat 15x40 X 3/6 Mt Ml ,21.5000,Unidad,82,
742,PEANZ-Perfil Zocalo Alu Anod Nat (Tgt) Ml ,117.6000,Unidad,82,"(Conocido Comunmente Como ""Zocalon"")"
743,PEANYZ-Perfil P/Zocalo Anod Nat (Tgi) Ml ,37.7000,Unidad,82,"(Este Perfil Va Dentro Del Zocalon, Cuando Se Utiliza El Zocalon ""Tgt"" Para Paños Fijos)"
744,Perfil P/Profilit Dintel Alu 950 Ml ,26.5700,Unidad,82,
745,Perfil P/Profilit Umbral Alu 961 Ml ,28.0200,Unidad,82,
746,Perfil P/Profilit Dintel Simple Pvc 962/1 Ml ,9.2600,Unidad,82,
747,Perfil P/Profilit Umbral Simple Pvc 961/1 Ml ,5.4300,Unidad,82,
748,Perfil P/Profilit Dintel Doble Pvc 262/2 Ml ,9.2600,Unidad,82,
749,Perfil P/Profilit Umbral Doble Pvc 961/2 Ml ,5.7400,Unidad,82,
750,"Burlete Goma Por 2,47 Mts. ",23.0600,Unidad,83,"(Burlete Transparente Para 10 Mm) Existen Dos Modelos: Tipo ""F"" Para Encuentro De Paños A 90º - Tipo ""4"" Para Encuentro De Paños A 180º"
751,"Perfil Encuentro C/Burlete X 2,44 M ",82.5200,Unidad,83,(Va En La Parte Anterior De Las Puertas Corredizas)
752,"Perfil Peine C/Burlete X 2,44 M ",82.5200,Unidad,83,"(Va En La Parte Posterior De Las Puertas Corredizas) Los Perfiles Encuentro Y Peine Constan De: A - Perfil ""U"" De Aluminio C/Guia P/Burlete Exterior - B - Burlete ""U"" De Goma Para El Interior De La ""U"" - C - Burlete De Goma Exterior A La ""U"""
753,MP101P-Manijon Aº Iº Curvo Perf A 550 mm,291.8900,Unidad,84,
754,MP102P-Manijon Aº Iº Curvo Perf A 200 mm,132.5600,Unidad,84,
755,MP103P-Manijon Aº Iº Curvo Perf A 150 mm,132.5600,Unidad,84,
756,"MP107P-Manijon Cromado ""L"" Perf A 550/200 mm",92.9900,Unidad,84,
757,MP107B-Manijon Bce 'L' Perf A 550/200 mm,90.2700,Unidad,84,
758,P64BDP-Tirador Meta Esferico P,66.6800,Unidad,84,
759,P64BDP-Tirador Meta Esferico P,66.6800,Unidad,84,
760,P64P-Cubeta P/Pta Corrediza P,37.3100,Unidad,84,
761,P27P-Gemelo P/Manijon Cris Doble P,24.2700,Unidad,84,
762,MCI-Manijon Cris 10 Mm Inc 150x250,23.8900,Unidad,84,
763,MT50-Manijon Alu Anod Natural Ø 50 mm Ml ,57.3600,Unidad,84,
764,P27YV-Accesorio P/MT50 A Vidrio,23.8000,Unidad,84,
765,P27YZ-Accesorio P/MT50 A Zocalo,23.8000,Unidad,84,
766,Reg-Accesorio P/MT50: Regaton,3.8700,Unidad,84,
767,Soporte de Bronce p/ Estante 6mm,0.0000,Unidad,85,
768,Soporte de Bronce p/ Estante 10mm,0.0000,Unidad,85,
769,Esquinero p/ Vidrio,0.0000,Unidad,85,
770,Grampa p/ Vidrio,0.0000,Unidad,85,
771,Bisagra Pivot p/ Vitrina (par),0.0000,Unidad,85,
772,Tirador p/ Puerta Vitrina,0.0000,Unidad,86,
773,Perfil de PVC p/ Vitrina Corrediza (par),0.0000,M.L.,86,
774,Perfil Superior p/ Vitrina Corrediza,59.5000,M.L.,86,
775,Perfil Intermedio p/ Vitrina Corrediza,68.6000,M.L.,86,
776,Perfil Inferior p/ Vitrina Corrediza,57.8600,M.L.,86,
777,Carro Ruleman p/ Vitrina Corrediza,4.9600,Unidad,86,
778,Cerradura Serrucho p/ Vitrina Corrediza,13.2500,Unidad,86,
779,Cortavidrios Silberschnitt (Original),0.0000,Unidad,87,
780,Cortavidrios Silberschnitt (Alternativo),0.0000,Unidad,87,
781,Cortavidrios Toyo,0.0000,Unidad,87,
782,Pinza Plana para vidrios,0.0000,Unidad,88,
783,Perfil J de Aluminio Natural,0.0000,M.L.,89,
784,Perfil J de Aluminio Pintado,0.0000,M.L.,89,
785,Perfil F de Aluminio Natural,0.0000,M.L.,89,
786,Perfil F de Aluminio Pintado,0.0000,M.L.,89,
787,Perfil U de Aluminio Natural 15x25,0.0000,M.L.,89,
788,Perfil U de Aluminio Pintado 15x25,0.0000,M.L.,89,
789,Perfil U de Aluminio Anodizado 15x25,0.0000,M.L.,89,
790,Perfil U de Aluminio Natural 15x40,0.0000,M.L.,89,
791,Perfil U de Aluminio Pintado 15x40,0.0000,M.L.,89,
792,Perfil U de Aluminio Anodizado 15x40,0.0000,M.L.,89,
793,Paño Fijo,0.0000,Unidad,90,
794,Paño Fijo c/ Vidrio Repartido,0.0000,Unidad,90,
795,Ventana Corrediza 2 hojas,0.0000,Unidad,90,
796,Ventana Corrediza 3 hojas,0.0000,Unidad,90,
797,Ventana Corrediza 4 hojas,0.0000,Unidad,90,
798,Ventana Corrediza 2 hojas c/ Vidrio Repartido,0.0000,Unidad,90,
799,Ventana Corrediza 3 hojas c/ Vidrio Repartido,0.0000,Unidad,90,
800,Ventana Corrediza 4 hojas c/ Vidrio Repartido,0.0000,Unidad,90,
801,Ventana de Rebatir 1 hoja,0.0000,Unidad,90,
802,Ventana de Rebatir 2 hojas,0.0000,Unidad,90,
803,Ventana de Rebatir 3 hojas,0.0000,Unidad,90,
804,Ventana de Rebatir 4 hojas,0.0000,Unidad,90,
805,Ventana de Rebatir 1 hoja c/ Vidrio Repartido,0.0000,Unidad,90,
806,Ventana de Rebatir 2 hojas c/ Vidrio Repartido,0.0000,Unidad,90,
807,Ventana de Rebatir 3 hojas c/ Vidrio Repartido,0.0000,Unidad,90,
808,Ventana de Rebatir 4 hojas c/ Vidrio Repartido,0.0000,Unidad,90,
809,Ventana Guillotina,0.0000,Unidad,90,
810,Ventana Guillotina c/ Vidrio Repartido,0.0000,Unidad,90,
811,Ventana Oscilobatiente,0.0000,Unidad,90,
812,Ventana Oscilobatiente c/ Vidrio Repartido,0.0000,Unidad,90,
813,Ventiluz,0.0000,Unidad,90,
814,Banderola,0.0000,Unidad,90,
815,Puerta Corrediza 2 hojas,0.0000,Unidad,90,
816,Puerta Corrediza 3 hojas,0.0000,Unidad,90,
817,Puerta Corrediza 4 hojas,0.0000,Unidad,90,
818,Puerta Corrediza 2 hojas c/ Vidrio Repartido,0.0000,Unidad,90,
819,Puerta Corrediza 3 hojas c/ Vidrio Repartido,0.0000,Unidad,90,
820,Puerta Corrediza 4 hojas c/ Vidrio Repartido,0.0000,Unidad,90,
821,Puerta de Rebatir 1 hoja,0.0000,Unidad,90,
822,Puerta de Rebatir 2 hojas,0.0000,Unidad,90,
823,Puerta de Rebatir 1 hoja c/ Vidrio Repartido,0.0000,Unidad,90,
824,Puerta de Rebatir 2 hojas c/ Vidrio Repartido,0.0000,Unidad,90,
825,Marco Solo para Puerta Placa,0.0000,Unidad,90,
826,Celosía Corrediza,0.0000,Unidad,90,
827,Celosía de Rebatir,0.0000,Unidad,90,
828,Persiana de Enrollar,0.0000,Unidad,90,
829,Mosquitero Fijo,0.0000,Unidad,90,
830,Mosquitero Corredizo,0.0000,Unidad,90,
831,Mosquitero de Rebatir,0.0000,Unidad,90,
832,Mosquitero de Enrollar,0.0000,Unidad,90,
833,Mosquitero Plisado,0.0000,Unidad,90,
834,Premarco,0.0000,Unidad,90,
835,Tapajuntas,0.0000,Unidad,90,
836,Caño Estructural,0.0000,Unidad,91,
837,Hierro Angulo,0.0000,Unidad,92,
838,Planchuela,0.0000,Unidad,93,
839,Tubo Redondo Estructural,0.0000,Unidad,94,
840,Hierro Liso,0.0000,Unidad,95,
841,Hierro Torsionado,0.0000,Unidad,96,
