Codigo;Denominacion;Costo;U.M Compra;rubro_id;subrubro_id;descripcion
0001;Cristal Float 2 mm Incoloro;29.88;M2;24;75;
0002;Cristal Float 3 mm Incoloro;29.88;M2;24;75;
0003;Cristal Float 4 mm Incoloro;38.13;M2;24;75;
0004;Cristal Float 5 mm Incoloro;49.47;M2;24;75;
0005;Cristal Float 6 mm Incoloro;75.07;M2;24;75;
0006;Cristal Float 8 mm Incoloro;118.37;M2;24;75;
0007;Cristal Float 10 mm Incoloro;128.01;M2;24;75;
0008;Cristal Float 12 mm Incoloro;0.00;M2;24;75;
0009;Cristal Float 15 mm Incoloro;315.77;M2;24;75;
0010;Cristal Float 19 mm Incoloro;737.53;M2;24;75;
0011;Cristal Float Solar-E 2.5 mm Incoloro;0.00;M2;24;77;
0012;Cristal Float Solar-E 3 mm Incoloro;0.00;M2;24;77;
0013;Cristal Float Solar-E 4 mm Incoloro;0.00;M2;24;77;
0014;Cristal Float Solar-E 5 mm Incoloro;0.00;M2;24;77;
0015;Cristal Float Solar-E 6 mm Incoloro;0.00;M2;24;77;
0016;Cristal Float 3 mm Bronce;49.73;M2;24;74;
0017;Cristal Float 3 mm Gris;49.73;M2;24;74;
0018;Cristal Float 4 mm Bronce;62.98;M2;24;74;
0019;Cristal Float 4 mm Gris;62.98;M2;24;74;
0020;Cristal Float 4 mm Verde;0.00;M2;24;74;
0021;Cristal Float 5 mm Bronce;77.81;M2;24;74;
0022;Cristal Float 5 mm Gris;77.81;M2;24;74;
0023;Cristal Float 5 mm Verde;0.00;M2;24;74;
0024;Cristal Float 6 mm Bronce;97.65;M2;24;74;
0025;Cristal Float 6 mm Gris;97.65;M2;24;74;
0026;Cristal Float 6 mm Verde;0.00;M2;24;74;
0027;Cristal Float 8 mm Bronce;134.12;M2;24;74;
0028;Cristal Float 8 mm Gris;134.12;M2;24;74;
0029;Cristal Float 10 mm Bronce;157.77;M2;24;74;
0030;Cristal Float 10 mm Gris;157.77;M2;24;74;
0031;Cristal Float 10 mm Verde;0.00;M2;24;74;
0032;Cristal Float Super Tint 6 mm Supergrey;0.00;M2;24;78;
0033;Cristal Float Super Tint 6 mm Evergreen;0.00;M2;24;78;
0034;Cristal Float Super Tint 6 mm Artic Blue;0.00;M2;24;78;
0035;Cristal Reflectante Stop Sol 4 mm Bronce;97.29;M2;24;76;
0036;Cristal Reflectante Stop Sol 4 mm Gris;97.29;M2;24;76;
0037;Cristal Reflectante Stop Sol 5 mm Bronce;123.85;M2;24;76;
0038;Cristal Reflectante Stop Sol 5 mm Gris;123.85;M2;24;76;
0039;Cristal Reflectante Stop Sol 6 mm Bronce;139.00;M2;24;76;
0040;Cristal Reflectante Stop Sol 6 mm Gris;139.00;M2;24;76;
0041;Cristal Reflectante Solarcool 4 mm Bronce;0.00;M2;24;76;
0042;Cristal Reflectante Solarcool 4 mm Gris;0.00;M2;24;76;
0043;Cristal Reflectante Solarcool 6 mm Bronce;0.00;M2;24;76;
0044;Cristal Reflectante Solarcool 6 mm Gris;0.00;M2;24;76;
0045;Cristal Reflectante Eclipse 6 mm Clear;0.00;M2;24;76;
0046;Cristal Reflectante Eclipse 6 mm Grey;0.00;M2;24;76;
0047;Cristal Reflectante Eclipse 6 mm Bronze;0.00;M2;24;76;
0048;Cristal Reflectante Eclipse 6 mm Artic Blue;0.00;M2;24;76;
0049;Cristal Reflectante Eclipse 6 mm Blue Green;0.00;M2;24;76;
0050;Cristal Reflectante Eclipse 6 mm Evergreen;0.00;M2;24;76;
0051;Espejo Mirage 2 mm Incoloro;60.53;M2;7;17;
0052;Espejo Mirage 3 mm Incoloro;67.71;M2;7;17;
0053;Espejo Mirage 4 mm Incoloro;84.66;M2;7;17;
0054;Espejo Mirage 5 mm Incoloro;99.32;M2;7;17;
0055;Espejo Mirage 6 mm Incoloro;113.99;M2;7;17;
0056;Espejo Mirage 8 mm Incoloro;0.00;M2;7;17;
0057;Espejo Mirage 10 mm Incoloro;0.00;M2;7;17;
0058;Espejo Optimirror 4 mm Incoloro;0.00;M2;7;19;
0059;Espejo Optimirror 6 mm Incoloro;0.00;M2;7;19;
0060;Espejo Mirropane 6 mm Vigilancia;0.00;M2;7;19;
0061;Espejo Mirage 4 mm Bronce;113.35;M2;7;16;
0062;Espejo Mirage 4 mm Gris;113.35;M2;7;16;
0063;Espejo Mirage 5 mm Bronce;131.58;M2;7;16;
0064;Espejo Mirage 5 mm Gris;131.58;M2;7;16;
0065;Espejo Mirage 6 mm Bronce;157.62;M2;7;16;
0066;Espejo Mirage 6 mm Gris;157.62;M2;7;16;
0067;Espejo Mirage 8 mm Bronce;0.00;M2;7;16;
0068;Espejo Mirage 8 mm Gris;0.00;M2;7;16;
0069;Espejo Mirage 10 mm Bronce;0.00;M2;7;16;
0070;Espejo Mirage 10 mm Gris;0.00;M2;7;16;
0071;Espejo Parabolico 300 mm STD c/ Brazo;0.00;Unidad;7;7;
0072;Espejo Parabolico 400 mm STD c/ Brazo;0.00;Unidad;7;7;
0073;Espejo Parabolico 500 mm STD c/ Brazo;0.00;Unidad;7;7;
0074;Espejo Parabolico 600 mm STD c/ Brazo;0.00;Unidad;7;7;
0075;Espejo Parabolico 700 mm STD c/ Brazo;0.00;Unidad;7;7;
0076;Espejo Parabolico 800 mm STD c/ Brazo;0.00;Unidad;7;7;
0077;Espejo Parabolico 900 mm STD c/ Brazo;0.00;Unidad;7;7;
0078;Espejo Parabolico 300 mm Inastillable c/ Brazo;0.00;Unidad;7;7;
0079;Espejo Parabolico 400 mm Inastillable c/ Brazo;0.00;Unidad;7;7;
0080;Espejo Parabolico 500 mm Inastillable c/ Brazo;0.00;Unidad;7;7;
0081;Espejo Parabolico 600 mm Inastillable c/ Brazo;0.00;Unidad;7;7;
0082;Espejo Parabolico 700 mm Inastillable c/ Brazo;0.00;Unidad;7;7;
0083;Espejo Parabolico 800 mm Inastillable c/ Brazo;0.00;Unidad;7;7;
0084;Espejo Parabolico 900 mm Inastillable c/ Brazo;0.00;Unidad;7;7;
0085;Columna para espejo parabolico 3m Color Blanco;0.00;Unidad;2;7;
0086;Fantasia Difuso 2 mm;61.19;M2;26;84;
0087;Fantasia Austral 4 mm;42.19;M2;26;84;
0088;Fantasia Martelet 4 mm;42.19;M2;26;84;
0089;Fantasia Stipolite 4 mm;42.19;M2;26;84;
0090;Fantasia Acanalado 4 mm;49.12;M2;26;84;
0091;Fantasia Pacific 4 mm;49.12;M2;26;84;
0092;Fantasia Sycamore 4 mm;49.12;M2;26;84;
0093;Fantasia Martelet 5 mm;56.94;M2;26;84;
0094;Fantasia Rayado 5 mm;71.42;M2;26;84;
0095;Fantasia Martelet 6 mm;0.00;M2;26;84;
0096;Fantasia Armado 6 mm;97.65;M2;26;84;
0097;Fantasia Stipolite 8 mm;0.00;M2;26;84;
0098;Fantasia Stipolite 10 mm;0.00;M2;26;84;
0099;Mateado Liso 4 mm Incoloro;134.44;M2;26;86;
0100;Mateado Beta 4 mm Incoloro;242.82;M2;26;86;
0101;Mateado Colonial 4 mm Incoloro;242.82;M2;26;86;
0102;Mateado Liso 4 mm Color;164.28;M2;26;85;
0103;Mateado Beta 4 mm Color;278.22;M2;26;85;
0104;Mateado Colonial 4 mm Color;278.22;M2;26;85;
0105;Opacid Esmerilado 4 mm Incoloro;136.45;M2;26;87;
0106;Opacid Esmerilado 6 mm Incoloro;167.01;M2;26;87;
0107;Opacid Esmerilado 8 mm Incoloro;173.98;M2;26;87;
0108;Opacid Esmerilado 10 mm Incoloro;193.08;M2;26;87;
0109;Profilit 6 mm Incoloro;0.00;M.L.;26;88;
0110;Profilit 6 mm Color;0.00;M.L.;26;88;
0111;Fantasia Martelet 4 mm Ambar;74.79;M2;26;83;
0112;Fantasia Martelet 4 mm Verde;74.79;M2;26;83;
0113;Fantasia Martelet 4 mm Azul;74.79;M2;26;83;
0114;Fantasia Stipolite 4 mm Bronce;82.56;M2;26;83;
0115;Cristal Float 3 mm Esmerilado;0.00;M2;26;82;
0116;Cristal Float 4 mm Esmerilado;0.00;M2;26;82;
0117;Cristal Float 5 mm Esmerilado;0.00;M2;26;82;
0118;Cristal Float 6 mm Esmerilado;0.00;M2;26;82;
0119;Cristal Float 8 mm Esmerilado;0.00;M2;26;82;
0120;Cristal Float 10 mm Esmerilado;0.00;M2;26;82;
0121;Cristal Float 12 mm Esmerilado;0.00;M2;26;82;
0122;Cristal Float 15 mm Esmerilado;0.00;M2;26;82;
0123;Cristal Float 19 mm Esmerilado;0.00;M2;26;82;
0124;Cristal Float 3 mm Bronce Esmerilado;0.00;M2;26;81;
0125;Cristal Float 3 mm Gris Esmerilado;0.00;M2;26;81;
0126;Cristal Float 4 mm Bronce Esmerilado;0.00;M2;26;81;
0127;Cristal Float 4 mm Gris Esmerilado;0.00;M2;26;81;
0128;Cristal Float 4 mm Verde Esmerilado;0.00;M2;26;81;
0129;Cristal Float 5 mm Bronce Esmerilado;0.00;M2;26;81;
0130;Cristal Float 5 mm Gris Esmerilado;0.00;M2;26;81;
0131;Cristal Float 5 mm Verde Esmerilado;0.00;M2;26;81;
0132;Cristal Float 6 mm Bronce Esmerilado;0.00;M2;26;81;
0133;Cristal Float 6 mm Gris Esmerilado;0.00;M2;26;81;
0134;Cristal Float 6 mm Verde Esmerilado;0.00;M2;26;81;
0135;Cristal Float 8 mm Bronce Esmerilado;0.00;M2;26;81;
0136;Cristal Float 8 mm Gris Esmerilado;0.00;M2;26;81;
0137;Cristal Float 10 mm Bronce Esmerilado;0.00;M2;26;81;
0138;Cristal Float 10 mm Gris Esmerilado;0.00;M2;26;81;
0139;Cristal Float 10 mm Verde Esmerilado;0.00;M2;26;81;
0140;Coverglass Negro 5 mm;150.82;M2;25;79;
0141;Coverglass Blanco 5 mm;150.82;M2;25;79;
0142;Coverglass Celeste 5 mm;150.82;M2;25;79;
0143;Coverglass Bordeaux 5 mm;154.22;M2;25;79;
0144;Coverglass Negro 10 mm;221.00;M2;25;79;
0145;Coverglass Blanco 10 mm;221.00;M2;25;79;
0146;Coverglass Negro Satin 5 mm;173.45;M2;25;79;
0147;Coverglass Blanco Satin 5 mm;173.45;M2;25;79;
0148;Coverglass Celeste Satin 5 mm;173.45;M2;25;79;
0149;Coverglass Bordeaux Satin 5 mm;177.36;M2;25;79;
0150;Coverglass Incoloro Mist 5 mm;190.79;M2;25;79;
0151;Coverglass Gris Mist 5 mm;209.86;M2;25;79;
0152;Coverglass Bronce Mist 5 mm;209.86;M2;25;79;
0153;Decorview Incoloro 4 mm;84.54;M2;25;80;
0154;Decorview Incoloro Mist 4 mm;162.18;M2;25;80;
0155;Laminado 3+3 Incoloro;137.97;M2;27;91;
0156;Laminado 4+4 Incoloro;166.08;M2;27;91;
0157;Laminado 5+5 Incoloro;194.02;M2;27;91;
0158;Laminado 6+6 Incoloro;220.92;M2;27;91;
0159;Laminado 8+8 Incoloro;0.00;M2;27;91;
0160;Laminado 10+10 Incoloro;0.00;M2;27;91;
0161;Laminado 3+3 Bronce Claro;171.77;M2;27;89;
0162;Laminado 3+3 Gris Claro;171.77;M2;27;89;
0163;Laminado 3+3 Bronce Oscuro;187.78;M2;27;89;
0164;Laminado 3+3 Gris Oscuro;187.78;M2;27;89;
0165;Laminado 3+3 Opalino;237.41;M2;27;89;
0166;Laminado 3+3 Gris Arquitectura;292.17;M2;27;89;
0167;Laminado 3+3 Esmerilado;237.41;M2;27;89;
0168;Laminado 4+4 Bronce Claro;194.94;M2;27;89;
0169;Laminado 4+4 Gris Claro;194.94;M2;27;89;
0170;Laminado 4+4 Verde Claro;0.00;M2;27;89;
0171;Laminado 4+4 Bronce Oscuro;223.28;M2;27;89;
0172;Laminado 4+4 Gris Oscuro;223.28;M2;27;89;
0173;Laminado 4+4 Verde Oscuro;0.00;M2;27;89;
0174;Laminado 4+4 Opalino;278.26;M2;27;89;
0175;Laminado 4+4 Esmerilado;278.26;M2;27;89;
0176;Laminado 5+5 Bronce Claro;237.44;M2;27;89;
0177;Laminado 5+5 Gris Claro;237.44;M2;27;89;
0178;Laminado 5+5 Verde Claro;0.00;M2;27;89;
0179;Laminado 5+5 Bronce Oscuro;251.55;M2;27;89;
0180;Laminado 5+5 Gris Oscuro;251.55;M2;27;89;
0181;Laminado 5+5 Verde Oscuro;0.00;M2;27;89;
0182;Laminado 5+5 Opalino;328.26;M2;27;89;
0183;Laminado 5+5 Esmerilado;328.26;M2;27;89;
0184;Laminado 6+6 Bronce Claro;0.00;M2;27;89;
0185;Laminado 6+6 Gris Claro;0.00;M2;27;89;
0186;Laminado 6+6 Verde Claro;0.00;M2;27;89;
0187;Laminado 6+6 Bronce Oscuro;0.00;M2;27;89;
0188;Laminado 6+6 Gris Oscuro;0.00;M2;27;89;
0189;Laminado 6+6 Verde Oscuro;0.00;M2;27;89;
0190;Laminado 6+6 Opalino;0.00;M2;27;89;
0191;Laminado 6+6 Esmerilado;0.00;M2;27;89;
0192;Laminado 8+8 Bronce Claro;0.00;M2;27;89;
0193;Laminado 8+8 Gris Claro;0.00;M2;27;89;
0194;Laminado 8+8 Bronce Oscuro;0.00;M2;27;89;
0195;Laminado 8+8 Gris Oscuro;0.00;M2;27;89;
0196;Laminado 8+8 Opalino;0.00;M2;27;89;
0197;Laminado 8+8 Esmerilado;0.00;M2;27;89;
0198;Laminado 6+4 Super Tint Supergrey;0.00;M2;27;93;
0199;Laminado 6+4 Super Tint Evergreen;0.00;M2;27;93;
0200;Laminado 6+4 Super Tint Artic Blue;0.00;M2;27;93;
0201;Laminado Reflectivo Suncool 4+4 Bronce;0.00;M2;27;92;
0202;Laminado Reflectivo Suncool 4+4 Gris;0.00;M2;27;92;
0203;Laminado Reflectivo Suncool 4+4 Azul Intenso;0.00;M2;27;92;
0204;Laminado Reflectivo Eclipse 6+4 Clear;0.00;M2;27;90;
0205;Laminado Reflectivo Eclipse 6+4 Grey;0.00;M2;27;90;
0206;Laminado Reflectivo Eclipse 6+4 Bronze;0.00;M2;27;90;
0207;Laminado Reflectivo Eclipse 6+4 Artic Blue;0.00;M2;27;90;
0208;Laminado Reflectivo Eclipse 6+4 Blue Green;0.00;M2;27;90;
0209;Laminado Reflectivo Eclipse 6+4 Evergreen;0.00;M2;27;90;
0210;Cristal Float 4 mm Incoloro Templado;0.00;M2;23;73;
0211;Cristal Float 5 mm Incoloro Templado;0.00;M2;23;73;
0212;Cristal Float 6 mm Incoloro Templado;0.00;M2;23;73;
0213;Cristal Float 8 mm Incoloro Templado;0.00;M2;23;73;
0214;Cristal Float 10 mm Incoloro Templado;0.00;M2;23;73;
0215;Cristal Float 12 mm Incoloro Templado;0.00;M2;23;73;
0216;Cristal Float 15 mm Incoloro Templado;0.00;M2;23;73;
0217;Cristal Float 19 mm Incoloro Templado;0.00;M2;23;73;
0218;Cristal Float 4 mm Bronce Templado;0.00;M2;23;72;
0219;Cristal Float 4 mm Gris Templado;0.00;M2;23;72;
0220;Cristal Float 4 mm Verde Templado;0.00;M2;23;72;
0221;Cristal Float 5 mm Bronce Templado;0.00;M2;23;72;
0222;Cristal Float 5 mm Gris Templado;0.00;M2;23;72;
0223;Cristal Float 5 mm Verde Templado;0.00;M2;23;72;
0224;Cristal Float 6 mm Bronce Templado;0.00;M2;23;72;
0225;Cristal Float 6 mm Gris Templado;0.00;M2;23;72;
0226;Cristal Float 6 mm Verde Templado;0.00;M2;23;72;
0227;Cristal Float 8 mm Bronce Templado;0.00;M2;23;72;
0228;Cristal Float 8 mm Gris Templado;0.00;M2;23;72;
0229;Cristal Float 10 mm Bronce Templado;0.00;M2;23;72;
0230;Cristal Float 10 mm Gris Templado;0.00;M2;23;72;
0231;Cristal Float 10 mm Verde Templado;0.00;M2;23;72;
0232;Fantasia Stipolite 8 mm Templado;0.00;M2;23;72;
0233;Fantasia Stipolite 10 mm Templado;0.00;M2;23;72;
0234;Policarbonato Alveolar 4 mm Incoloro;0.00;M2;18;56;
0235;Policarbonato Alveolar 6 mm Incoloro;0.00;M2;18;56;
0236;Policarbonato Alveolar 8 mm Incoloro;0.00;M2;18;56;
0237;Policarbonato Alveolar 10 mm Incoloro;0.00;M2;18;56;
0238;Policarbonato Alveolar 16 mm Incoloro;0.00;M2;18;56;
0239;Policarbonato Alveolar 4 mm Bronce;0.00;M2;18;55;
0240;Policarbonato Alveolar 4 mm Gris;0.00;M2;18;55;
0241;Policarbonato Alveolar 4 mm Opalino;0.00;M2;18;55;
0242;Policarbonato Alveolar 6 mm Bronce;0.00;M2;18;55;
0243;Policarbonato Alveolar 6 mm Gris;0.00;M2;18;55;
0244;Policarbonato Alveolar 6 mm Opalino;0.00;M2;18;55;
0245;Policarbonato Alveolar 8 mm Bronce;0.00;M2;18;55;
0246;Policarbonato Alveolar 8 mm Gris;0.00;M2;18;55;
0247;Policarbonato Alveolar 8 mm Opalino;0.00;M2;18;55;
0248;Policarbonato Alveolar 10 mm Bronce;0.00;M2;18;55;
0249;Policarbonato Alveolar 10 mm Gris;0.00;M2;18;55;
0250;Policarbonato Alveolar 10 mm Opalino;0.00;M2;18;55;
0251;Policarbonato Alveolar 16 mm Bronce;0.00;M2;18;55;
0252;Policarbonato Alveolar 16 mm Gris;0.00;M2;18;55;
0253;Policarbonato Alveolar 16 mm Opalino;0.00;M2;18;55;
0254;Policarbonato Compacto 1 mm Incoloro;0.00;M2;18;58;
0255;Policarbonato Compacto 2 mm Incoloro;0.00;M2;18;58;
0256;Policarbonato Compacto 3 mm Incoloro;0.00;M2;18;58;
0257;Policarbonato Compacto 4 mm Incoloro;0.00;M2;18;58;
0258;Policarbonato Compacto 6 mm Incoloro;0.00;M2;18;58;
0259;Policarbonato Compacto 8 mm Incoloro;0.00;M2;18;58;
0260;Policarbonato Compacto 1 mm Color;0.00;M2;18;57;
0261;Policarbonato Compacto 2 mm Color;0.00;M2;18;57;
0262;Policarbonato Compacto 3 mm Color;0.00;M2;18;57;
0263;Policarbonato Compacto 4 mm Color;0.00;M2;18;57;
0264;Policarbonato Compacto 6 mm Color;0.00;M2;18;57;
0265;Policarbonato Compacto 8 mm Color;0.00;M2;18;57;
0266;Perfil H de Policarbonato p/ 4 y 6;0.00;M.L.;2;4;
0267;Perfil H de Policarbonato p/ 8 y 10;0.00;M.L.;2;4;
0268;Perfil U de Policarbonato p/ 4 y 6;0.00;M.L.;2;4;
0269;Perfil U de Policarbonato p/ 8 y 10;0.00;M.L.;2;4;
0270;Cinta de Aluminio Ciega 20 mm;0.00;M.L.;2;4;
0271;Cinta de Aluminio Perforada 20 mm;0.00;M.L.;2;4;
0272;Rondalones;0.00;Unidad;2;4;
0273;Tapatornillos;0.00;Unidad;2;4;
0274;Tapa Redonda 1200 Incolora;0.00;Unidad;21;69;
0275;Tapa Tonel 800 x 1600 Incolora;0.00;Unidad;21;69;
0276;Tapa Tonel 800 x 1800 Incolora;0.00;Unidad;21;69;
0277;Tapa Redonda 1200 Bronce;0.00;Unidad;21;67;
0278;Tapa Redonda 1200 Gris;0.00;Unidad;21;67;
0279;Tapa Tonel 800 x 1600 Bronce;0.00;Unidad;21;67;
0280;Tapa Tonel 800 x 1600 Gris;0.00;Unidad;21;67;
0281;Tapa Tonel 800 x 1800 Bronce;0.00;Unidad;21;67;
0282;Tapa Tonel 800 x 1800 Gris;0.00;Unidad;21;67;
0283;Tapa Redonda 1200 Incolora Templada;0.00;Unidad;21;70;
0284;Tapa Tonel 800 x 1600 Incolora Templada;0.00;Unidad;21;70;
0285;Tapa Tonel 800 x 1800 Incolora Templada;0.00;Unidad;21;70;
0286;Tapa Redonda 1200 Bronce Templada;0.00;Unidad;21;68;
0287;Tapa Redonda 1200 Gris Templada;0.00;Unidad;21;68;
0288;Tapa Tonel 800 x 1600 Bronce Templada;0.00;Unidad;21;68;
0289;Tapa Tonel 800 x 1600 Gris Templada;0.00;Unidad;21;68;
0290;Tapa Tonel 800 x 1800 Bronce Templada;0.00;Unidad;21;68;
0291;Tapa Tonel 800 x 1800 Gris Templada;0.00;Unidad;21;68;
0292;Puerta STD Comp 914x2134 Incolora;0.00;Unidad;19;60;
0293;Puerta STD Comp 914x2134 Bronce;0.00;Unidad;19;59;
0294;Puerta STD Comp 914x2134 Gris;0.00;Unidad;19;59;
0295;Puerta STD Cristal Solo 914x2134 Incolora;0.00;Unidad;19;60;
0296;Puerta STD Cristal Solo 914x2134 Bronce;0.00;Unidad;19;59;
0297;Puerta STD Cristal Solo 914x2134 Gris;0.00;Unidad;19;59;
0298;Freno Superfren Piso;350.00;Unidad;9;24;
0299;Freno Superfren Piso c/ valvula sobreesfuerzo;386.00;Unidad;9;24;
0300;Freno Superfren Piso Gran Porte;640.00;Unidad;9;24;
0301;Freno Superfren Piso Gran Porte Portero Electrico;737.00;Unidad;9;24;
0302;Freno Superfren Piso Ascensor;350.00;Unidad;9;24;
0303;Freno Superfren Piso Portero Electrico;404.00;Unidad;9;24;
0304;Freno Superfren Piso 135º;404.00;Unidad;9;24;
0305;Freno Superfren Aereo;0.00;Unidad;9;24;
0306;Maquina F Superfren Piso;325.00;Unidad;9;24;
0307;Maquina F Superfren c/ valvula sobreesfuerzo;358.00;Unidad;9;24;
0308;Maquina F Superfren Ascensor;325.00;Unidad;9;24;
0309;Maquina F Superfren 135º;363.00;Unidad;9;24;
0310;Maquina F Superfren Portero Electrico;363.00;Unidad;9;24;
0311;Maquina F Superfren Reemplazo;0.00;Unidad;9;24;
0312;Maquina F Superfren Aereo;0.00;Unidad;9;24;
0313;Caja Custodia Freno;88.00;Unidad;1;1;
0314;Tapa Freno;88.00;Unidad;1;1;
0315;Sellador Acetico Transparente;0.00;Unidad;14;51;
0316;Sellador Acetico Blanco;0.00;Unidad;14;51;
0317;Sellador Acetico Negro;0.00;Unidad;14;51;
0318;Sellador Acetico Aluminio;0.00;Unidad;14;51;
0319;Sellador Neutro Transparente;0.00;Unidad;14;51;
0320;Masilla 450g;0.99;Unidad;14;50;
0321;Masilla 900g;1.65;Unidad;14;50;
0322;Masilla 10kg;12.40;Unidad;14;50;
0323;Masilla 15kg;18.18;Unidad;14;50;
0324;Masilla 17kg;116.00;Unidad;14;50;
0325;Masilla 34kg;164.30;Unidad;14;50;
0326;Borde Pulido Comun;0.00;M.L.;20;62;
0327;Borde Pulido Lijadora;0.00;M.L.;20;62;
0328;Borde Pulido Brillante 10 mm;38.02;M.L.;20;62;
0329;Borde Pulido Brillante 15 mm;45.46;M.L.;20;62;
0330;Borde Pulido Brillante 20 mm;53.00;M.L.;20;62;
0331;Borde Pulido Brillante Especiales;76.90;M.L.;20;62;
0332;Bisel Recto Sobre Cristal;14.88;M.L.;20;61;
0333;Bisel Recto Sobre Espejo;16.37;M.L.;20;61;
0334;Bisel Curvo Sobre Cristal;26.45;M.L.;20;61;
0335;Bisel Curvo Sobre Espejo;29.10;M.L.;20;61;
0336;Bisel c/ Forma Sobre Cristal;46.28;M.L.;20;61;
0337;Bisel c/ Forma Sobre Espejo;50.90;M.L.;20;61;
0338;Perforaciones de 4 / 25 mm;0.00;Unidad;20;65;
0339;Perforaciones de 50 / 150 mm;0.00;Unidad;20;65;
0340;Perforaciones de 150 / 300 mm;0.00;Unidad;20;65;
0341;Perforacion Cheque/ Voz/ Electricidad;0.00;Unidad;20;65;
0342;Colocación;0.00;Unidad;20;64;
0343;Mano de Obra de Sellado;0.00;Unidad;20;64;
0344;Recorte y Pulido;0.00;Unidad;20;64;
0345;Recorte y Colocación;0.00;Unidad;20;64;
0346;Desmontar Vidrios o Policarbonatos;0.00;Unidad;20;64;
0347;Mano de Obra de Herrería;0.00;Unidad;20;64;
0348;Mano de Obra de Albañilería;0.00;Unidad;20;64;
0349;Esmerilar Vidrio;0.00;M2;20;63;
0350;Esmerilar Vidrio c/ Diseño;0.00;M2;20;63;
0351;Esmerilar Espejo;0.00;M2;20;63;
0352;Esmerilar Espejo c/ Diseño;0.00;M2;20;63;
0353;Pintar Perfiles;0.00;Unidad;20;66;
0354;Anodizar Perfiles;0.00;Unidad;20;66;
0355;Service de Puerta Templada;0.00;Unidad;20;64;
0356;Service de Freno Hidraulico;0.00;Unidad;20;64;
0357;Service de Carpintería de Aluminio;0.00;Unidad;20;64;
0358;Camara DVH 6 mm;0.00;M.L.;2;8;
0359;Camara DVH 9 mm;0.00;M.L.;2;8;
0360;Camara DVH 12 mm;0.00;M.L.;2;8;
0361;Camara DVH 20 mm;0.00;M.L.;2;8;
0362;Ladrillo Nube 19x19x8 (910 - 810);0.00;Unidad;13;49;
0363;Ladrillo Nube 19x19x8 (748);0.00;Unidad;13;49;
0364;Ladrillo Nube 19x19x10 (709 - 678);0.00;Unidad;13;49;
0365;Ladrillo Nube 24x11.5x8 (716);0.00;Unidad;13;49;
0366;Ladrillo Nube 11.5x11.5x8 (807);0.00;Unidad;13;49;
0367;Ladrillo Nube 9.5x19.7x8 (686);0.00;Unidad;13;49;
0368;Ladrillo Nube 14.6x14.6x8 (685);0.00;Unidad;13;49;
0369;Ladrillo Nube 14.6x19.7x8 (684);0.00;Unidad;13;49;
0370;Ladrillo Nube 19.7x19.7x8 (683);0.00;Unidad;13;49;
0371;Ladrillo Nube 9.5x19.7x9.8 (697);0.00;Unidad;13;49;
0372;Ladrillo Nube 30x30x10 (798);0.00;Unidad;13;49;
0373;Ladrillo Nube Curvo 19x15x8 (600 - 01);0.00;Unidad;13;49;
0374;Ladrillo Baston Cruz Gueso 19x19x8 (722 - 609);0.00;Unidad;13;49;
0375;Ladrillo Baston Cruz Gueso 19x19x8 (747);0.00;Unidad;13;49;
0376;Ladrillo Baston Cruz Gueso 19x19x10 (708);0.00;Unidad;13;49;
0377;Ladrillo Baston Cruz Gueso 24x24x8 (756);0.00;Unidad;13;49;
0378;Ladrillo Baston Cruz Gueso 30x30x10 (723);0.00;Unidad;13;49;
0379;Ladrillo Baston Cruz Fino 19x19x8 (599 - 738);0.00;Unidad;13;49;
0380;Ladrillo Baston Cruz Fino 19x19x8 (746);0.00;Unidad;13;49;
0381;Ladrillo Baston Cruz Fino 24x24x8 (811);0.00;Unidad;13;49;
0382;Ladrillo Liso 19x19x8 (745 - 608);0.00;Unidad;13;49;
0383;Ladrillo Liso 24x24x8 (755);0.00;Unidad;13;49;
0384;Ladrillo Liso 19x9x8 (687);0.00;Unidad;13;49;
0385;Ladrillo Liso 30x30x10 (659);0.00;Unidad;13;49;
0386;Ladrillo Carlota 19.7x9.5x8 (696);0.00;Unidad;13;49;
0387;Ladrillo Carlota 14.6x14.6x8 (695);0.00;Unidad;13;49;
0388;Ladrillo Savona 19x19x8 (802);0.00;Unidad;13;49;
0389;Ladrillo Savona 24x11.5x8 (804);0.00;Unidad;13;49;
0390;Ladrillo Savona 24x24x8 (805);0.00;Unidad;13;49;
0391;Ladrillo Difusor de Luz 19x19x8 (766);0.00;Unidad;13;49;
0392;Ladrillo Difusor de Luz 19x19x10 (790);0.00;Unidad;13;49;
0393;Ladrillo Venus 19x19x8 (725);0.00;Unidad;13;49;
0394;Ladrillo Satina 19x19x8 (754);0.00;Unidad;13;49;
0395;Ladrillo Director de Luz 19x19x8 (758);0.00;Unidad;13;49;
0396;Ladrillo Alfa 19x19x8 (762);0.00;Unidad;13;49;
0397;Ladrillo Cosmos 19x19x8 (719);0.00;Unidad;13;49;
0398;Ladrillo Cosmos Rect 24x11.5x8 (721);0.00;Unidad;13;49;
0399;Ladrillo Digona 19x19x8 (801);0.00;Unidad;13;49;
0400;Ladrillo Stella - Flora 19x19x8 (890 - 800);0.00;Unidad;13;49;
0401;Ladrillo Marin 19x19x8 (848);0.00;Unidad;13;49;
0402;Ladrillo Samba 19x19x8 (806);0.00;Unidad;13;49;
0403;Ladrillo Riva 19x19x8 (771);0.00;Unidad;13;49;
0404;Ladrillo 1908/P - 1908/A 19x19x8 (504 - 505);0.00;Unidad;13;49;
0405;Ladrillo 1908/ZP - 1908/PG 19x19x8 (509 - 503);0.00;Unidad;13;49;
0406;Ladrillo Satinado Nube 19x19x8 (939);0.00;Unidad;13;47;
0407;Ladrillo Satinado Nube 19x19x8 (941);0.00;Unidad;13;47;
0408;Ladrillo Satinado Nube 24x24x8 (761);0.00;Unidad;13;47;
0409;Ladrillo Satinado Nube 19x9x8 (688);0.00;Unidad;13;47;
0410;Ladrillo Satinado Liso 19x19x8 (940);0.00;Unidad;13;47;
0411;Ladrillo Satinado Liso 24x24x8 (763);0.00;Unidad;13;47;
0412;Ladrillo Satinado Liso 19x9x8 (689);0.00;Unidad;13;47;
0413;Ladrillo Satinado Liso 30x30x10 (592);0.00;Unidad;13;47;
0414;Ladrillo Satinado Nube Agua Marina 19x19x8 (753);0.00;Unidad;13;47;
0415;Ladrillo Satinado Liso Agua Marina 19x19x8 (606);0.00;Unidad;13;47;
0416;Ladrillo Satinado Nube Rosa 19x19x8 (944);0.00;Unidad;13;47;
0417;Ladrillo Satinado Liso Rosa 19x19x8 (602);0.00;Unidad;13;47;
0418;Ladrillo Satinado Nube Gris 19x19x8 (760);0.00;Unidad;13;47;
0419;Ladrillo Satinado Liso Gris 19x19x8 (604);0.00;Unidad;13;47;
0420;Ladrillo Satinado Nube Turquesa 19x19x8 (744);0.00;Unidad;13;47;
0421;Ladrillo Satinado Liso Turquesa 19x19x8 (603);0.00;Unidad;13;47;
0422;Ladrillo Satinado Nube Bronce 19x19x8 (618);0.00;Unidad;13;47;
0423;Ladrillo Satinado Nube Verde 19x19x8 (779);0.00;Unidad;13;47;
0424;Ladrillo Satinado Nube Azul 19x19x8 (611);0.00;Unidad;13;47;
0425;Ladrillo Nube Bronce 19x19x8 (711);0.00;Unidad;13;47;
0426;Ladrillo Nube Bronce 19x19x8 (829);0.00;Unidad;13;47;
0427;Ladrillo Liso Bronce 19x19x8 (776);0.00;Unidad;13;47;
0428;Ladrillo Nube Bronce 24x24x8 (715);0.00;Unidad;13;47;
0429;Ladrillo Nube Bronce 24x11.5x8 (717);0.00;Unidad;13;47;
0430;Ladrillo Nube Turquesa 19x19x8 (729);0.00;Unidad;13;47;
0431;Ladrillo Liso Turquesa 19x19x8 (845);0.00;Unidad;13;47;
0432;Ladrillo Nube Verde (Suave)  19x19x8 (713);0.00;Unidad;13;47;
0433;Ladrillo Nube Verde 19x19x8 (752);0.00;Unidad;13;47;
0434;Ladrillo Nube Rosa 19x19x8 (712);0.00;Unidad;13;47;
0435;Ladrillo Nube Rosa 19x19x8 (832);0.00;Unidad;13;47;
0436;Ladrillo Liso Rosa 19x19x8 (831);0.00;Unidad;13;47;
0437;Ladrillo Nube Gris 19x19x8 (742 - 542);0.00;Unidad;13;47;
0438;Ladrillo Nube Gris 19x19x8 (830);0.00;Unidad;13;47;
0439;Ladrillo Liso Gris 19x19x8 (730);0.00;Unidad;13;47;
0440;Ladrillo Liso Gris 19x19x8 (827);0.00;Unidad;13;47;
0441;Ladrillo Nube Turquesa 19x19x8 (729);0.00;Unidad;13;47;
0442;Ladrillo Nube Agua Marina 19x19x8 (759);0.00;Unidad;13;47;
0443;Ladrillo Liso Agua Marina 19x19x8 (784);0.00;Unidad;13;47;
0444;Ladrillo Liso Agua Marina 19x19x8 (828);0.00;Unidad;13;47;
0445;Ladrillo Nube Azul Marino 19x19x8 (743);0.00;Unidad;13;47;
0446;Ladrillo Nube Turquesa 19x19x8 (729);0.00;Unidad;13;47;
0447;Ladrillo Nube Rojo 19x19x8 (749);0.00;Unidad;13;47;
0448;Ladrillo Nube Amarillo 19x19x8 (751);0.00;Unidad;13;47;
0449;Ladrillo Nube Azul Francia 19x19x8 (750);0.00;Unidad;13;47;
0450;Ladrillo Riva Rosa 19x19x8 (825);0.00;Unidad;13;47;
0451;Ladrillo Riva Agua Marina 19x19x8 (698);0.00;Unidad;13;47;
0452;Ladrillo Samba Turquesa 19x19x8 (699);0.00;Unidad;13;47;
0453;Ladrillo Samba Agua Marina 19x19x8 (691);0.00;Unidad;13;47;
0454;Ladrillo Digona Agua Marina 19x19x8 (889);0.00;Unidad;13;47;
0455;Ladrillo Savona Bronce 19x19x8 (803);0.00;Unidad;13;47;
0456;Ladrillo Savona Bronce Rect 24x11.5x8 (681);0.00;Unidad;13;47;
0457;Ladrillo Esq. Nube Ochavado 19x19x8 (718 - 71801);0.00;Unidad;13;47;
0458;Ladrillo Esq. Nube Recto Checo 19x13x8 (839);0.00;Unidad;13;47;
0459;Ladrillo Esq. Nube Recto Aleman 19x19x8 (736);0.00;Unidad;13;47;
0460;Ladrillo Esq. Baston Cruz Recto 19x19x8 (737);0.00;Unidad;13;47;
0461;Ladrillo Esq. Liso Recto Checo 19x13x8 (852);0.00;Unidad;13;47;
0462;Ladrillo Esq. Nube Gris 19x13x8 (838);0.00;Unidad;13;47;
0463;Ladrillo Esq. Nube Bronce 19x13x8 (834);0.00;Unidad;13;47;
0464;Ladrillo Esq. Nube Agua Marina 19x13x8 (833);0.00;Unidad;13;47;
0465;Ladrillo Esq. Nube Rosa 19x13x8 (837);0.00;Unidad;13;47;
0466;Ladrillo Esq. Liso Gris 19x13x8 (842);0.00;Unidad;13;47;
0467;Ladrillo Esq. Liso Bronce 19x13x8 (843);0.00;Unidad;13;47;
0468;Ladrillo Esq. Liso Agua Marina 19x13x8 (879);0.00;Unidad;13;47;
0469;Ladrillo Esq. Liso Rosa 19x13x8 (841);0.00;Unidad;13;47;
0470;Ladrillo Esq. Liso Turquesa 19x13x8 (844);0.00;Unidad;13;47;
0471;Ladrillo Contra Incendio Liso F30 19x19x8 (662);0.00;Unidad;13;48;
0472;Ladrillo Contra Incendio Liso F60 19x19x16 (665);0.00;Unidad;13;48;
0473;Ladrillo Contra Incendio Liso F90 19x19x16 (666);0.00;Unidad;13;48;
0474;Ladrillo de Terminacion Nube End 19x19x8 (846);0.00;Unidad;13;48;
0475;Ladrillo de Terminacion Nube Doble End 19x19x8 (847);0.00;Unidad;13;48;
0476;Ladrillo Alto Impacto Liso 19x19x8 (682);0.00;Unidad;13;48;
0477;Ladrillo Alto Impacto Nube 19x19x8 (778);0.00;Unidad;13;48;
0478;Ladrillo Alto Impacto Ordo 19x19x8 (707);0.00;Unidad;13;48;
0479;Ladrillo de Ventilacion Ventiblock 19x19x8 (735);0.00;Unidad;13;48;
0480;Teja 52 Bis -Losa- 41.3x23.2 (821);0.00;Unidad;22;71;
0481;Teja 111 -Losa- 41x24.5 (943);0.00;Unidad;22;71;
0482;Teja 154 -Calvu- 44.5x25 (822);0.00;Unidad;22;71;
0483;Teja 103 -Loimar- 40.5x23 (823);0.00;Unidad;22;71;
0484;Teja Yunque A  40x23 (840);0.00;Unidad;22;71;
0485;Tabique Gemax C 19x19x3.4 (617);0.00;Unidad;22;71;
0486;Baldosa Hormigon B16 16x16x3 (701);0.00;Unidad;3;11;
0487;Baldosa Hormigon B117 11.7x11.7x6 (700);0.00;Unidad;3;11;
0488;Baldosa Hormigon B117 Antides 11.7x11.7x6 (702);0.00;Unidad;3;11;
0489;Baldosa Hormigon R117 11.7x11.7x6 (703);0.00;Unidad;3;11;
0490;Baldosa Hormigon R117 Antides 11.7x11.7x6 (704);0.00;Unidad;3;11;
0491;Baldosa Hormigon Novalux 19.5x19.5x5 (619);0.00;Unidad;3;11;
0492;Baldosa Hormigon F1260 12x12x6 (836);0.00;Unidad;3;11;
0493;Baldosa Hormigon F1580 15x15x8 (824);0.00;Unidad;3;11;
0494;Baldosa Hormigon A1580 15x15x8 (893);0.00;Unidad;3;11;
0495;Baldosa Hormigon B20 20x20x2.2 (705);0.00;Unidad;3;11;
0496;Baldosa Hormigon Encaset. Plast. B20 23x23x6 (706);0.00;Unidad;3;11;
0497;Baldosa Hormigon B191 19x19x10 (897);0.00;Unidad;3;11;
0498;Baldosa Hormigon Encaset. Plast. B191 22x22x2 (734);0.00;Unidad;3;11;
0499;Baldosa Hormigon Samba BG 19x19x8 (692);0.00;Unidad;3;11;
0500;Baldosa Hormigon Liso BG 19x19x8 (797);0.00;Unidad;3;11;
0501;Baldosa Hierro Arex 30x30x2.5 (620);0.00;Unidad;3;10;
0502;Baldosa Hierro Vitra Incolora 20x20x2 (146);0.00;Unidad;3;10;
0503;Baldosa Hierro Vitra Satinada 20x20x2 (354);0.00;Unidad;3;10;
0504;Baldosa Hierro Vitra Incolora 24x24x2 (147);0.00;Unidad;3;10;
0505;Baldosa Hierro Vitra Satinada 24x24x2 (690);0.00;Unidad;3;10;
0506;Baldosa Hierro Vitra Incolora 30x30x2 (148);0.00;Unidad;3;10;
0507;Baldosa Hierro Vitra Satinada 30x30x2 (661);0.00;Unidad;3;10;
0508;Baldosa Hierro Vitra P2020 Incolora 20x20x2.5 (75);0.00;Unidad;3;10;
0509;Baldosa Contra Incendio F30 BG 19x19x8 (663);0.00;Unidad;3;9;
0510;Baldosa Contra Incendio F60 BG 19x19x16 (668);0.00;Unidad;3;9;
0511;Baldosa Contra Incendio F90 BG 19x19x16 (669);0.00;Unidad;3;9;
0512;Piso F6+P1+F6 (280-00);0.00;Unidad;17;54;
0513;Piso F6+P1+F8 (281-00);0.00;Unidad;17;54;
0514;Piso F8+P1+F8 (282-00);0.00;Unidad;17;54;
0515;Piso F8+P1+F10 (283-00);0.00;Unidad;17;54;
0516;Piso F8+P1+F10 (283-00);0.00;Unidad;17;54;
0517;Piso F10+P1+F10 (284-00);0.00;Unidad;17;54;
0518;Piso F12+P1+F12 (285-00);0.00;Unidad;17;54;
0519;Piso F10+P1+F10+P1+F10 (286-00);0.00;Unidad;17;54;
0520;Bloque Piso 50x50 4 Baldosas (638-00);0.00;Unidad;4;13;
0521;Bloque Piso 50x70 6 Baldosas (641-00);0.00;Unidad;4;13;
0522;Bloque Piso 50x90 8 Baldosas (623-00);0.00;Unidad;4;13;
0523;Bloque Piso 50x110 10 Baldosas (642-00);0.00;Unidad;4;13;
0524;Bloque Piso 50x130 12 Baldosas (624-00);0.00;Unidad;4;13;
0525;Bloque Piso 70x70 9 Baldosas (640-00);0.00;Unidad;4;13;
0526;Bloque Piso 70x90 12 Baldosas (640-00);0.00;Unidad;4;13;
0527;Bloque Piso 70x70 9 Baldosas (855-00);0.00;Unidad;4;13;
0528;Bloque Piso 70x70 9 Baldosas (855-00);0.00;Unidad;4;13;
0529;Bloque Piso 70x110 15 Baldosas (643-00);0.00;Unidad;4;13;
0530;Bloque Piso 70x130 18 Baldosas (639-00);0.00;Unidad;4;13;
0531;Bloque Pared 27x107 5 Ladrillos (457-00);0.00;Unidad;4;12;
0532;Bloque Pared 27x127 6 Ladrillos (457-01);0.00;Unidad;4;12;
0533;Bloque Pared 47x67 6 Ladrillos (457-02);0.00;Unidad;4;12;
0534;Bloque Pared 47x87 8 Ladrillos (457-03);0.00;Unidad;4;12;
0535;Bloque Pared 47x107 10 Ladrillos (457-04);0.00;Unidad;4;12;
0536;Bloque Pared 67x67 9 Ladrillos (457-05);0.00;Unidad;4;12;
0537;Bloque Pared 67x87 12 Ladrillos (457-06);0.00;Unidad;4;12;
0538;P14SFCAA-Freno Piso Superfren Com ' Aa' ;376.41;Unidad;8;22;
0539;P14SFCA-Freno Piso Superfren Com ' A' ;347.68;Unidad;8;22;
0540;P14SFCB-Freno Piso Superfren Com 'B' ;347.68;Unidad;8;22;
0541;P14SFCC-Freno Piso Superfren Com 'C';347.68;Unidad;8;22;
0542;P14SFMAA-Freno Piso Superfren Maq ' Aa';344.27;Unidad;8;22;
0543;P14SFMA-Freno Piso Superfren Maq 'A';344.27;Unidad;8;22;
0544;P14SFMB-Freno Piso Superfren Maq 'B';344.27;Unidad;8;22;
0545;P14SFMC-Freno Piso Superfren Maq 'C';344.27;Unidad;8;22;
0546;P14SFCPA-Freno Piso Superfren Com P/Pe 'A';426.91;Unidad;8;23;
0547;P14SFCPB-Freno Piso Superfren Com P/Pe 'B';428.44;Unidad;8;23;
0548;P14SFCPC-Freno Piso Superfren Com P/Pe 'C';426.91;Unidad;8;23;
0549;P14SFC135A-Freno Piso Superfren Com 135º 'A' ;426.91;Unidad;8;21;
0550;P14SFAC-Accesorio P/P14SF: Custodia;116.29;Unidad;2;2; Caja Del Freno Que Se Embute En Piso
0551;P14SFATAI-Accesorio P/P14SF: Tapa Inoxidable;116.29;Unidad;2;2;
0552;P14SFATB-Accesorio P/P14SF: Tapa Bronce;116.29;Unidad;2;2;
0553;P14SFAB-Accesorio P/P14SF: Bieleta ;128.53;Unidad;2;2;Adaptador Para Puertas Metalicas
0554;P15DB-Freno Aereo Dorma Blanco;223.39;Unidad;8;20;
0555;P15DN-Freno Aereo Dorma Negro;223.39;Unidad;8;20;
0556;P15SFAS-Accesorio P/P15SF: Soporte;31.80;Unidad;2;3;" Chapa En ""U"" Para Instalar Freno En Pta. De Cristal"
0557;F43P-Pasador P/Ban Basculante P;123.06;Unidad;10;36;
0558;P21P-Pasador Esqui P;53.95;Unidad;10;36;
0559;P20SGP-Pasador Inf/Sup Chi P;78.21;Unidad;10;36;
0560;P20P-Pasador Inf/Sup Gra P;103.70;Unidad;10;36;
0561;P22P-Pasador Cen Simple Accion P;75.88;Unidad;10;36;
0562;P23P-Pasador Cen Doble Acccion P;80.76;Unidad;10;36;
0563;P20MP-Mecanismo P/P20 P;40.97;Unidad;10;36;
0564;P49P-Cierradura Tipo Clip P;116.81;Unidad;10;36;
0565;P01SGSFP-Pivot Inf Chi C/Vuelo P/P14SF P;79.62;Unidad;10;30;
0566;P01SFP-Pivot Inf Gra C/Vuelo P/P14SF P;103.53;Unidad;10;30;
0567;P02SGP-Pivot Inf Chi C/Vuelo P;71.82;Unidad;10;30;
0568;P02P-Pivot Inf Gra C/Vuelo P;108.68;Unidad;10;30;
0569;P03SGPD-Pivot Inf Chi S/Vuelo PD;95.92;Unidad;10;30;
0570;P03SGPI-Pivot Inf Chi S/Vuelo PI;95.92;Unidad;10;30;
0571;P03PD-Pivot Inf Gra S/Vuelo PD;82.60;Unidad;10;30;
0572;P03PI-Pivot Inf Gra S/Vuelo PI;82.60;Unidad;10;30;
0573;P04SGPD-Pivot Inf Chi S/Vuelo Exce PD;81.98;Unidad;10;30;
0574;P04SGPI-Pivot Inf Chi S/Vuelo Exce PI;81.98;Unidad;10;30;
0575;P04PD-Pivot Inf Gra S/Vuelo Exce PD;70.62;Unidad;10;30;
0576;P04PI-Pivot Inf Gra S/Vuelo Exce PI;70.62;Unidad;10;30;
0577;P05SGP-Pivot Sup Chi C/Vuelo P;72.18;Unidad;10;30;
0578;P05P-Pivot Sup Gra C/Vuelo P;85.39;Unidad;10;30;
0579;P05SGAP-Pivot Sup Chi C/Vuelo Y Buje P;86.07;Unidad;10;30;
0580;P05SGBPD-Pivot Sup Chi C/Vuelo Y Buje A Muro PD;156.29;Unidad;10;30;
0581;P05SGBPI-Pivot Sup Chi C/Vuelo Buje A Muro PI;156.29;Unidad;10;30;
0582;P05EP-Pivot Sup C/Vuelo. Buje Y Amure P;262.39;Unidad;10;30;
0583;P05M-Mecanismo P/P05;30.00;Unidad;10;30;
0584;P06SGPD-Pivot Sup Chi S/Vuelo PD;99.68;Unidad;10;30;
0585;P06SGPI-Pivot Sup Chi S/Vuelo PI;99.68;Unidad;10;30;
0586;P06PD-Pivot Sup Gra S/Vuelo PD;90.04;Unidad;10;30;
0587;P06PI-Pivot Sup Gra S/Vuelo PI;90.04;Unidad;10;30;
0588;P07SGPD-Pivot Sup Chi S/Vuelo Exce PD;96.35;Unidad;10;30;
0589;P07SGPI-Pivot Sup Chi S/Vuelo Exce PI;96.35;Unidad;10;30;
0590;P07PD-Pivot Sup Gra S/Vuelo Exce PD;87.17;Unidad;10;30;
0591;P07PI-Pivot Sup Gra S/Vuelo Exce PI;87.17;Unidad;10;30;
0592;P16P-Pivot Libre P/Piso P;22.86;Unidad;10;30;
0593;P05M-Mecanismo P/P05;30.00;Unidad;10;30;
0594;EAL-Equipo Automatico Liviano;13020.00;Unidad;10;30;
0595;Frente Flexible 1 Curva Ml ;1600.00;Unidad;10;30;
0596;P10ASGP-Pivot C/Carro P/Ptas Hasta 50kg P ;119.30;Unidad;10;33;
0597;P10AP-Pivot C/Carro P/Ptas Hasta 100kg P ;165.07;Unidad;10;33;
0598;P31P-Guia P/Ptas Corredizas P;50.54;Unidad;10;33;
0599;P30-Tope P/Perfil Roma;21.69;Unidad;10;33;
0600;P38BP-Articulado Inf/Sup P/Pleg C/Pasa P ;391.27;Unidad;10;34;
0601;P39PD-Articulado Sup C/Carro P/Pleg PD;441.67;Unidad;10;34;
0602;P39PI-Articulado Sup C/Carro P/Pleg PI;441.67;Unidad;10;34;
0603;P40PD-Articulado Inf C/Patin P/Pleg PD;383.10;Unidad;10;34;
0604;P40PI-Articulado Inf C/Patin P/Pleg PD;383.10;Unidad;10;34;
0605;P41PD-Pivot Inf Esqui Gra C/Patin P/Pleg PD;154.02;Unidad;10;34;
0606;P41PI-Pivot Inf Esqui Gra C/Patin P/Pleg PI;154.02;Unidad;10;34;
0607;P41APD-Pivot Inf Esqui Chi C/Patin P/Pleg PD;77.02;Unidad;10;34;
0608;P41API-Pivot Inf Esqui Chi C/Patin P/Pleg PI;77.02;Unidad;10;34;
0609;P41BPD-Pivot Sup C/Carro P/Pleg PD;215.95;Unidad;10;34;
0610;P41BPI-Pivot Sup C/Carro P/Pleg PI;215.95;Unidad;10;34;
0611;P17SGBPD-Cerradura Inf/Sup Chi A Piso PD;127.87;Unidad;10;29;
0612;P17SGBPI-Cerradura Inf/Sup Chi A Piso PI;127.87;Unidad;10;29;
0613;P17BPD-Cerradura Inf/Sup Gra A Piso PD;147.43;Unidad;10;29;
0614;P17BPI-Cerradura Inf/Sup Gra A Piso PI;147.43;Unidad;10;29;
0615;P21AP-Cerradura Inf/Sup Cerrojo Esqui P;136.46;Unidad;10;29;
0616;P17MBSG-Mecanismo P/P17sg A Piso;78.56;Unidad;10;29;
0617;P17BM-Mecanismo P/P17b A Piso;77.13;Unidad;10;29;
0618;P08P-Bisagra P/Ptas Hasta 50kg P;105.51;Unidad;10;27;
0619;P58P-Bisagra A Muro S/Traba P;135.27;Unidad;10;27;
0620;P58DP-Bisagra Vidrio/Vidrio S/Traba P;142.86;Unidad;10;27;
0621;P63AP-Bisagra A Muro C/Traba P;231.46;Unidad;10;27;
0622;P63BP-Bisagra Vidrio/Vidrio C/Traba P C/U;191.79;Unidad;10;27;
0623;F41P-Pivot P/Ban Basculante P;47.48;Unidad;10;37;
0624;F42PD-Buje P/Ban Basculante PD;56.70;Unidad;10;37;
0625;F42PI-Buje P/Ban Basculante PI;56.70;Unidad;10;37;
0626;F42AP-Buje P/Ban Basculante C/Cvc P;96.43;Unidad;10;37;
0627;P18P-Cerradura Cen Schlage C/Traba Int P;255.13;Unidad;10;28;
0628;P34P-Cerradura Montante Simple Accion P;133.99;Unidad;10;28; Incluye Cerradura Y Contra A Vidrio
0629;P51SGPD-Cerradura Cen Chi PD;145.45;Unidad;10;28;
0630;P51SGPI-Cerradura Cen Chi PI;145.45;Unidad;10;28;
0631;P17MSG-Mecanismo P/P17SG/P51SG A Muro;78.56;Unidad;10;28;
0632;P53BPD-Cerradura Cen C/Tir Meta P/Pleg PD;477.12;Unidad;10;28;
0633;P53BPI-Cerradura Cen C/Tir Meta P/Pleg PI;477.12;Unidad;10;28;
0634;P55APD-Cerradura Cen S/Tir PD;258.86;Unidad;10;28;
0635;P55API-Cerradura Cen S/Tir PI;258.86;Unidad;10;28;
0636;P55NPD-Cerradura Cen S/Tir P/PE PD;418.92;Unidad;10;28;
0637;P55NPI-Cerradura Cen S/Tir P/Pe PI;418.92;Unidad;10;28;
0638;F28P-Contrapasa P/P22 P ;70.31;Unidad;10;26;
0639;F34P-Contracerr C/Bat P/P18 P ;74.34;Unidad;10;26;
0640;F35P-Contracerr P/P49 P;47.01;Unidad;10;26;
0641;F44P-Contrapasa P/F43 P ;55.84;Unidad;10;26;
0642;P35P-Pasador Montante Simple Accion P ;75.05;Unidad;10;26;
0643;P35AP-Contrapasa Montante P/P35 P ;66.41;Unidad;10;26;
0644;P65P-Contracerr C/Bat P/P51 P ;84.14;Unidad;10;26;
0645;P66P-Contracerr A Muro C/Bat P/P51SG P;12.57;Unidad;10;26;
0646;P56AP-Contracerr P55A P ;192.00;Unidad;10;26;
0647;P56NPD-Contracerr S/Tir C/Bat P/P55N PD;296.70;Unidad;10;26;
0648;P56NPI-Contracerr S/Tir C/Bat P/P55N PI;296.70;Unidad;10;26;
0649;P57BP-Contracerr A Muro P/P53A O P55A P;32.71;Unidad;10;26;
0650;P57NPD-Contracerr C/Bat Y Pe P/P53N/P55N PD;110.27;Unidad;10;26;
0651;P57NPI-Contracerr C/Bat Y PE P/P53N/P55N PI;110.27;Unidad;10;26;
0652;F01SGPD-Sosten Ban Chi C/Vuelo Y Amure PD;83.08;Unidad;10;25;
0653;F01SGPI-Sosten Ban Chi C/Vuelo Y Amure PI;83.08;Unidad;10;25;
0654;F01PD-Sosten Ban Gra C/Vuelo Y Amure PD;114.92;Unidad;10;25;
0655;F01PI-Sosten Ban Gra C/Vuelo Y Amure PI;114.92;Unidad;10;25;
0656;F02PD-Sosten Ban S/Vuelo Y A Mure PD;84.42;Unidad;10;25;
0657;F02PI-Sosten Ban S/Vuelo Y A Mure PI;84.42;Unidad;10;25;
0658;F03PD-Sosten Ban C/Vuelo Exce Y Amure PD;84.42;Unidad;10;25;
0659;F03PI-Sosten Ban C/Vuelo Exce Y Amure PI;84.42;Unidad;10;25;
0660;F09SGPD-Sosten Ban Chi C/Vuelo. PF Y Cvc PD;186.21;Unidad;10;25;
0661;F09SGPI-Sosten Ban Chi C/Vuelo. PF Y Cvc PI;186.21;Unidad;10;25;
0662;F09PD-Sosten Ban Gra C/Vuelo. PF Y Cvc PD;194.04;Unidad;10;25;
0663;F09PI-Sosten Ban Gra C/Vuelo. PF Y Cvc PI;194.04;Unidad;10;25;
0664;F10SGPD-Sosten Ban Chi C/Vuelo. PF Y Cvl PD;202.43;Unidad;10;25;
0665;F10SGPI-Sosten Ban Chi C/Vuelo. PF Y Cvl PI;202.43;Unidad;10;25;
0666;F10PD-Sosten Ban Gra C/Vuelo. PF Y Cvl PD;175.62;Unidad;10;25;
0667;F10PI-Sosten Ban Gra C/Vuelo. PF Y Cvl PI;175.62;Unidad;10;25;
0668;F11SGP-Sosten Ban Doble Chi C/Vuelo Y Cvc P;257.62;Unidad;10;25;
0669;F11P-Sosten Ban Doble Gra C/Vuelo Y Cvc P;354.80;Unidad;10;25;
0670;F38PD-Sosten Ban C/Vuelo Y 1 PF A 90º PD;163.81;Unidad;10;25;
0671;F38PI-Sosten Ban C/Vuelo Y 1 PF A 90º PI;163.81;Unidad;10;25;
0672;F38APD-Sosten Ban C/Vuelo Y 1 PF A 90º C/Tr PD;163.81;Unidad;10;25;
0673;F38API-Sosten Ban C/Vuelo Y 1 PF A 90º C/Tr PI;163.81;Unidad;10;25;
0674;F45SGPD-Sosten Ban Chi C/Vuelo PD;164.55;Unidad;10;25;
0675;F45SGPI-Sosten Ban Chi C/Vuelo PI;164.55;Unidad;10;25;
0676;F45PD-Sosten Ban Gra C/Vuelo PD;188.68;Unidad;10;25;
0677;F45PI-Sosten Ban Gra C/Vuelo PI;188.68;Unidad;10;25;
0678;P11P-Buje Sup C/Amure A Dintel P;15.06;Unidad;10;25;
0679;F46AC-F46AC-Soporte Araña 1 Via Cromado ;212.29;Unidad;10;38;
0680;F46BC-F46BC-Soporte Araña 2 Vias Cromado ;223.53;Unidad;10;38;
0681;F46CC-Soporte Araña 3 Vias C/U ;249.61;Unidad;10;38;
0682;F46DC-F46DC-Soporte Araña 4 Vias Cromado ;296.29;Unidad;10;38;
0683;F47-F47C-Rotula Para Soporte Araña Cromado ;107.56;Unidad;10;38;
0684;F04P-Soporte Simple A Muro P;38.53;Unidad;10;31;
0685;F07P-Soporte 2 Cris C/Amure P;70.55;Unidad;10;31;
0686;F08P-Soporte 2 Cris Y Cv C/Amure P;107.22;Unidad;10;31;
0687;F12P-Soporte 4 Cris P ;134.89;Unidad;10;31;
0688;F13P-Soporte 4 Cris Y Cvc P;167.71;Unidad;10;31;
0689;F14P-Soporte 4 Cris Y Cvl P ;209.13;Unidad;10;31;
0690;F15PD-Soporte 3 Cris Y Cvc PD;157.21;Unidad;10;31;
0691;F15PI-Soporte 3 Cris Y Cvc PI;157.21;Unidad;10;31;
0692;F15APD-Soporte 3 Cris Y Cvc P/Bas PD;144.10;Unidad;10;31;
0693;F15API-Soporte 3 Cris Y Cvc P/Bas PI;144.10;Unidad;10;31;
0694;F15BPD-Soporte 3 Cris Y Cvc P/Bas C/Bat PD;168.12;Unidad;10;31;
0695;F15BPI-Soporte 3 Cris Y Cvc P/Bas C/Bat PI;168.12;Unidad;10;31;
0696;F16PD-Soporte 3 Cris Y Cvl PdD;173.97;Unidad;10;31;
0697;F16PI-Soporte 3 Cris Y Cvl PI;173.97;Unidad;10;31;
0698;F17PD-Soporte 3 Cris Y Cvc C/Bat Con PD;156.29;Unidad;10;31;
0699;F17PI-Soporte 3 Cris Y Cvc C/Bat Con PI;156.29;Unidad;10;31;
0700;F17BPD-Soporte 3 Cris Y Cvc C/Bat Ado PD;141.56;Unidad;10;31;
0701;F17BPI-Soporte 3 Cris Y Cvc C/Bat Ado PI;141.56;Unidad;10;31;
0702;F18PD-Soporte 3 Cris Y Cvl C/Bat Con PD;175.25;Unidad;10;31;
0703;F18PI-Soporte 3 Cris Y Cvl C/Bat Con PI;175.25;Unidad;10;31;
0704;F18BPD-Soporte 3 Cris Y Cvl C/Bat Ado PD;158.15;Unidad;10;31;
0705;F18BPI-Soporte 3 Cris Y Cvl C/Bat Ado PI;158.15;Unidad;10;31;
0706;F19P-Soporte 2 Cris P ;69.90;Unidad;10;31;
0707;F20P-Soporte 3 Cris C/Bat Con P;119.57;Unidad;10;31;
0708;F20AP-Soporte 3 Cris P;99.76;Unidad;10;31;
0709;F20BP-Soporte 3 Cris C/Bat Ado P ;131.29;Unidad;10;31;
0710;F21P-Soporte 2 Cris Nucleo Cerrado P;65.46;Unidad;10;31;
0711;F22P-Soporte 2 Cris A 90º C/Amure P;108.08;Unidad;10;31;
0712;F22AP-Soporte Cris A 90º S/Amure P;84.38;Unidad;10;31;
0713;F23P-Soporte 4 Cris A 90º P;276.42;Unidad;10;31;
0714;F23BP-Soporte 4 Cris A 90º C/Tr P ;286.81;Unidad;10;31;
0715;F23CPD-Soporte 3 Cris A 90º C/Bat Ado PD;248.80;Unidad;10;31;
0716;F23CPI-Soporte 3 Cris A 90º C/Bat Ado PI;248.80;Unidad;10;31;
0717;F23DPD-Soporte 3 Cris A 90º C/Bat Ado Y Tr PD;248.80;Unidad;10;31;
0718;F23DPI-Soporte 3 Cris A 90º C/Bat Ado Y Tr PI;248.80;Unidad;10;31;
0719;F24P-Soporte Simple P;33.20;Unidad;10;31;
0720;F25P-Soporte Simple C/Bat Ado P;51.04;Unidad;10;31;
0721;F26P-Soporte 2 Cris Chi P;101.59;Unidad;10;31;
0722;F26BP-Soporte 2 Cris Gra P;186.92;Unidad;10;31;
0723;F27P-Soporte 2 Cris Chi C/Bat P;99.23;Unidad;10;31;
0724;F27BP-Soporte 2 Cris Gra C/Bat P;168.93;Unidad;10;31;
0725;F39P-Soporte 2 Cris A 135º P ;198.29;Unidad;10;31;
0726;F39AP-Soporte 2 Cris A 135º C/Tr P ;198.29;Unidad;10;31;
0727;F40P-Soporte 4 Cris A 135º P ;260.15;Unidad;10;31;
0728;F40AP-Soporte 4 Cris A 135º C/Tr P ;312.55;Unidad;10;31;
0729;F100-Soporte 2 Cris Y Cv C/Amure Hº ;133.89;Unidad;10;31;Soporte De Hierro Para Frentes De Mas De 3000 Mm De Alto Para Contravientos De 300. 350 Y 400 Mm
0730;P01ZSF-Pivot Inf P/Zocalon P/P14SF;56.50;Unidad;10;32;
0731;P02Z-Pivot Inf. P/Zocalon Uni ;34.82;Unidad;10;32;
0732;P05Z-Pivot Sup P/Zocalon ;35.45;Unidad;10;32;
0733;P17Z-Cerradura Inf/Sup P/Zocalon;160.14;Unidad;10;32;
0734;P21Z-Pasador P/Zocalon;72.90;Unidad;10;32;
0735;P41ZC-Pivot Sup C/Carro P/Zocalon ;74.15;Unidad;10;32;
0736;P41ZP-Pivot Inf C/Patin P/Zocalon;74.15;Unidad;10;32; PEYZ-Accesorio P/Zocalo: Soporte Union Cristal / Zocalo No Posee Precio. Incluido En El Zocalon
0737;PEYZG-Accesorio P/Zocalo: Tapa Gris;3.82;Unidad;10;32;
0738;PEAI-Perfil 'U' Aº Iº 15x25 X 2.44 Mt Ml;31.81;Unidad;16;53;" ""U"" Que Se Embute En Piso Para Usar De Guia"
0739;Per-Perfil Roma 40x47 X 3/6 Mt Ml ;47.30;Unidad;16;53;Perfil Superior Para Alojar Carros
0740;PEAN25-Perfil 'U' Alu Anod Nat 15x25 X 3/6 Mt Ml ;13.90;Unidad;16;53;
0741;PEAN40-Perfil 'U' Alu Anod Nat 15x40 X 3/6 Mt Ml ;21.50;Unidad;16;53;
0742;PEANZ-Perfil Zocalo Alu Anod Nat (Tgt) Ml;117.60;Unidad;16;53;" Conocido Comunmente Como ""Zocalon"""
0743;PEANYZ-Perfil P/Zocalo Anod Nat (Tgi) Ml ;37.70;Unidad;16;53;"Este Perfil Va Dentro Del Zocalon. Cuando Se Utiliza El Zocalon ""Tgt"" Para Paños Fijos"
0744;Perfil P/Profilit Dintel Alu 950 Ml ;26.57;Unidad;16;53;
0745;Perfil P/Profilit Umbral Alu 961 Ml ;28.02;Unidad;16;53;
0746;Perfil P/Profilit Dintel Simple Pvc 962/1 Ml ;9.26;Unidad;16;53;
0747;Perfil P/Profilit Umbral Simple Pvc 961/1 Ml ;5.43;Unidad;16;53;
0748;Perfil P/Profilit Dintel Doble Pvc 262/2 Ml ;9.26;Unidad;16;53;
0749;Perfil P/Profilit Umbral Doble Pvc 961/2 Ml ;5.74;Unidad;16;53;
0750;Burlete Goma Por 2.47 Mts.;23.06;Unidad;5;14;" Burlete Transparente Para 10 Mm Existen Dos Modelos: Tipo ""F"" Para Encuentro De Paños A 90º - Tipo ""4"" Para Encuentro De Paños A 180º"
0751;Perfil Encuentro C/Burlete X 2.44 M;82.52;Unidad;5;14; Va En La Parte Anterior De Las Puertas Corredizas
0752;Perfil Peine C/Burlete X 2.44 M ;82.52;Unidad;5;14;"Va En La Parte Posterior De Las Puertas Corredizas Los Perfiles Encuentro Y Peine Constan De: A - Perfil ""U"" De Aluminio C/Guia P/Burlete Exterior - B - Burlete ""U"" De Goma Para El Interior De La ""U"" - C - Burlete De Goma Exterior A La ""U"""
0753;MP101P-Manijon Aº Iº Curvo Perf A 550 mm;291.89;Unidad;10;35;
0754;MP102P-Manijon Aº Iº Curvo Perf A 200 mm;132.56;Unidad;10;35;
0755;MP103P-Manijon Aº Iº Curvo Perf A 150 mm;132.56;Unidad;10;35;
0756;"MP107P-Manijon Cromado ""L"" Perf A 550/200 mm";92.99;Unidad;10;35;
0757;MP107B-Manijon Bce 'L' Perf A 550/200 mm;90.27;Unidad;10;35;
0758;P64BDP-Tirador Meta Esferico P;66.68;Unidad;10;35;
0759;P64BDP-Tirador Meta Esferico P;66.68;Unidad;10;35;
0760;P64P-Cubeta P/Pta Corrediza P;37.31;Unidad;10;35;
0761;P27P-Gemelo P/Manijon Cris Doble P;24.27;Unidad;10;35;
0762;MCI-Manijon Cris 10 Mm Inc 150x250;23.89;Unidad;10;35;
0763;MT50-Manijon Alu Anod Natural Ø 50 mm Ml ;57.36;Unidad;10;35;
0764;P27YV-Accesorio P/MT50 A Vidrio;23.80;Unidad;10;35;
0765;P27YZ-Accesorio P/MT50 A Zocalo;23.80;Unidad;10;35;
0766;Reg-Accesorio P/MT50: Regaton;3.87;Unidad;10;35;
0767;Soporte de Bronce p/ Estante 6mm;0.00;Unidad;2;5;
0768;Soporte de Bronce p/ Estante 10mm;0.00;Unidad;2;5;
0769;Esquinero p/ Vidrio;0.00;Unidad;2;5;
0770;Grampa p/ Vidrio;0.00;Unidad;2;5;
0771;Bisagra Pivot p/ Vitrina (par);0.00;Unidad;2;5;
0772;Tirador p/ Puerta Vitrina;0.00;Unidad;2;6;
0773;Perfil de PVC p/ Vitrina Corrediza (par);0.00;M.L.;2;6;
0774;Perfil Superior p/ Vitrina Corrediza;59.50;M.L.;2;6;
0775;Perfil Intermedio p/ Vitrina Corrediza;68.60;M.L.;2;6;
0776;Perfil Inferior p/ Vitrina Corrediza;57.86;M.L.;2;6;
0777;Carro Ruleman p/ Vitrina Corrediza;4.96;Unidad;2;6;
0778;Cerradura Serrucho p/ Vitrina Corrediza;13.25;Unidad;2;6;
0779;Cortavidrios Silberschnitt (Original);0.00;Unidad;11;39;
0780;Cortavidrios Silberschnitt (Alternativo);0.00;Unidad;11;39;
0781;Cortavidrios Toyo;0.00;Unidad;11;39;
0782;Pinza Plana para vidrios;0.00;Unidad;11;40;
0783;Perfil J de Aluminio Natural;0.00;M.L.;15;15;
0784;Perfil J de Aluminio Pintado;0.00;M.L.;15;15;
0785;Perfil F de Aluminio Natural;0.00;M.L.;15;15;
0786;Perfil F de Aluminio Pintado;0.00;M.L.;15;15;
0787;Perfil U de Aluminio Natural 15x25;0.00;M.L.;15;15;
0788;Perfil U de Aluminio Pintado 15x25;0.00;M.L.;15;15;
0789;Perfil U de Aluminio Anodizado 15x25;0.00;M.L.;15;15;
0790;Perfil U de Aluminio Natural 15x40;0.00;M.L.;15;15;
0791;Perfil U de Aluminio Pintado 15x40;0.00;M.L.;15;15;
0792;Perfil U de Aluminio Anodizado 15x40;0.00;M.L.;15;15;
0793;Paño Fijo;0.00;Unidad;6;15;
0794;Paño Fijo c/ Vidrio Repartido;0.00;Unidad;6;15;
0795;Ventana Corrediza 2 hojas;0.00;Unidad;6;15;
0796;Ventana Corrediza 3 hojas;0.00;Unidad;6;15;
0797;Ventana Corrediza 4 hojas;0.00;Unidad;6;15;
0798;Ventana Corrediza 2 hojas c/ Vidrio Repartido;0.00;Unidad;6;15;
0799;Ventana Corrediza 3 hojas c/ Vidrio Repartido;0.00;Unidad;6;15;
0800;Ventana Corrediza 4 hojas c/ Vidrio Repartido;0.00;Unidad;6;15;
0801;Ventana de Rebatir 1 hoja;0.00;Unidad;6;15;
0802;Ventana de Rebatir 2 hojas;0.00;Unidad;6;15;
0803;Ventana de Rebatir 3 hojas;0.00;Unidad;6;15;
0804;Ventana de Rebatir 4 hojas;0.00;Unidad;6;15;
0805;Ventana de Rebatir 1 hoja c/ Vidrio Repartido;0.00;Unidad;6;15;
0806;Ventana de Rebatir 2 hojas c/ Vidrio Repartido;0.00;Unidad;6;15;
0807;Ventana de Rebatir 3 hojas c/ Vidrio Repartido;0.00;Unidad;6;15;
0808;Ventana de Rebatir 4 hojas c/ Vidrio Repartido;0.00;Unidad;6;15;
0809;Ventana Guillotina;0.00;Unidad;6;15;
0810;Ventana Guillotina c/ Vidrio Repartido;0.00;Unidad;6;15;
0811;Ventana Oscilobatiente;0.00;Unidad;6;15;
0812;Ventana Oscilobatiente c/ Vidrio Repartido;0.00;Unidad;6;15;
0813;Ventiluz;0.00;Unidad;6;15;
0814;Banderola;0.00;Unidad;6;15;
0815;Puerta Corrediza 2 hojas;0.00;Unidad;6;15;
0816;Puerta Corrediza 3 hojas;0.00;Unidad;6;15;
0817;Puerta Corrediza 4 hojas;0.00;Unidad;6;15;
0818;Puerta Corrediza 2 hojas c/ Vidrio Repartido;0.00;Unidad;6;15;
0819;Puerta Corrediza 3 hojas c/ Vidrio Repartido;0.00;Unidad;6;15;
0820;Puerta Corrediza 4 hojas c/ Vidrio Repartido;0.00;Unidad;6;15;
0821;Puerta de Rebatir 1 hoja;0.00;Unidad;6;15;
0822;Puerta de Rebatir 2 hojas;0.00;Unidad;6;15;
0823;Puerta de Rebatir 1 hoja c/ Vidrio Repartido;0.00;Unidad;6;15;
0824;Puerta de Rebatir 2 hojas c/ Vidrio Repartido;0.00;Unidad;6;15;
0825;Marco Solo para Puerta Placa;0.00;Unidad;6;15;
0826;Celosía Corrediza;0.00;Unidad;6;15;
0827;Celosía de Rebatir;0.00;Unidad;6;15;
0828;Persiana de Enrollar;0.00;Unidad;6;15;
0829;Mosquitero Fijo;0.00;Unidad;6;15;
0830;Mosquitero Corredizo;0.00;Unidad;6;15;
0831;Mosquitero de Rebatir;0.00;Unidad;6;15;
0832;Mosquitero de Enrollar;0.00;Unidad;6;15;
0833;Mosquitero Plisado;0.00;Unidad;6;15;
0834;Premarco;0.00;Unidad;6;15;
0835;Tapajuntas;0.00;Unidad;6;15;
0836;Caño Estructural;0.00;Unidad;12;41;
0837;Hierro Angulo;0.00;Unidad;12;42;
0838;Planchuela;0.00;Unidad;12;45;
0839;Tubo Redondo Estructural;0.00;Unidad;12;46;
0840;Hierro Liso;0.00;Unidad;12;43;
0841;Hierro Torsionado;0.00;Unidad;12;44;
